-- phpMyAdmin SQL Dump
-- version 5.2.0
-- https://www.phpmyadmin.net/
--
-- 主機： 127.0.0.1
-- 產生時間： 2023-03-12 14:08:51
-- 伺服器版本： 10.4.27-MariaDB
-- PHP 版本： 8.1.12

SET SQL_MODE = "NO_AUTO_VALUE_ON_ZERO";
START TRANSACTION;
SET time_zone = "+00:00";


/*!40101 SET @OLD_CHARACTER_SET_CLIENT=@@CHARACTER_SET_CLIENT */;
/*!40101 SET @OLD_CHARACTER_SET_RESULTS=@@CHARACTER_SET_RESULTS */;
/*!40101 SET @OLD_COLLATION_CONNECTION=@@COLLATION_CONNECTION */;
/*!40101 SET NAMES utf8mb4 */;

--
-- 資料庫： `jim`
--

-- --------------------------------------------------------

--
-- 資料表結構 `admins`
--

CREATE TABLE `admins` (
  `sid` int(11) NOT NULL,
  `account` varchar(255) NOT NULL,
  `password_hash` varchar(255) NOT NULL
) ENGINE=InnoDB DEFAULT CHARSET=utf8mb4 COLLATE=utf8mb4_general_ci;

--
-- 傾印資料表的資料 `admins`
--

INSERT INTO `admins` (`sid`, `account`, `password_hash`) VALUES
(1, 'shinder', '$2y$10$wg7P6J0z8XLLVmjrK6z3AObDOgApxrtkI4Ae45OHj.ToqermG5/lC'),
(2, 'lan', '$2a$10$5Xl3Qy5xEnFr.j4qdgkMbe2zfB8lIxgm.0XbaPzpx4ijca5.ATszS');

-- --------------------------------------------------------

--
-- 資料表結構 `comment`
--

CREATE TABLE `comment` (
  `sid` int(11) NOT NULL,
  `ordersid` int(11) NOT NULL,
  `rate` int(255) NOT NULL,
  `content` varchar(255) NOT NULL,
  `date` datetime NOT NULL
) ENGINE=InnoDB DEFAULT CHARSET=utf8mb4 COLLATE=utf8mb4_general_ci;

--
-- 傾印資料表的資料 `comment`
--

INSERT INTO `comment` (`sid`, `ordersid`, `rate`, `content`, `date`) VALUES
(1, 1, 5, 'NPC扮演很盡職', '2022-12-15 15:43:09'),
(2, 2, 5, '環境整潔，工作人員服務態度很好', '2022-12-15 15:43:09'),
(3, 3, 3, '環境整潔，工作人員服務態度很好', '2022-12-17 23:34:57'),
(4, 4, 3, 'NPC扮演很盡職', '2022-12-15 15:43:09'),
(5, 5, 5, '建議提供主題換裝，更有沈浸式體驗', '2022-12-15 15:43:09'),
(6, 6, 3, '環境整潔，工作人員服務態度很好', '2022-12-15 15:43:09'),
(7, 7, 4, '好刺激的游戏', '2022-12-18 02:35:10'),
(8, 8, 5, '環境整潔，工作人員服務態度很好', '2022-12-15 15:43:09'),
(9, 9, 4, '環境整潔，工作人員服務態度很好', '2022-12-15 15:43:09'),
(10, 10, 5, '建議提供主題換裝，更有沈浸式體驗', '2022-12-15 15:43:09'),
(11, 11, 5, '環境整潔，工作人員服務態度很好', '2022-12-15 15:43:09'),
(12, 12, 5, 'NPC扮演很盡職', '2022-12-15 15:43:09'),
(13, 13, 4, '環境整潔，工作人員服務態度很好', '2022-12-15 15:43:09'),
(14, 14, 3, '超級無聊的！', '2022-12-15 15:43:09'),
(15, 15, 5, '超級無聊的！', '2022-12-15 15:43:09'),
(16, 16, 5, '好刺激的游戏', '2022-12-15 15:43:09'),
(17, 17, 4, 'NPC扮演很盡職', '2022-12-15 15:43:09'),
(18, 18, 5, 'NPC扮演很盡職', '2022-12-15 15:43:09'),
(19, 19, 4, '環境整潔，工作人員服務態度很好', '2022-12-15 15:43:09'),
(20, 20, 4, '超級無聊的！', '2022-12-15 15:43:09'),
(21, 21, 5, '好刺激的游戏', '2022-12-15 15:43:09'),
(22, 22, 3, 'NPC扮演很盡職', '2022-12-15 15:43:09'),
(23, 23, 5, '環境整潔，工作人員服務態度很好', '2022-12-15 15:43:09'),
(24, 24, 4, '環境整潔，工作人員服務態度很好', '2022-12-15 15:43:09'),
(25, 25, 4, '之前玩過，覺得很刺激', '2022-12-15 15:43:09'),
(26, 26, 4, 'NPC扮演很盡職', '2022-12-15 15:43:09'),
(27, 27, 5, '建議提供主題換裝，更有沈浸式體驗', '2022-12-15 15:43:09'),
(28, 28, 3, '嚇死本仙女了', '2022-12-15 15:43:09'),
(29, 29, 3, '之前玩過，覺得很刺激', '2022-12-15 15:43:09'),
(30, 30, 3, '超級無聊的！', '2022-12-15 15:43:09'),
(31, 31, 5, '之前玩過，覺得很刺激', '2022-12-15 15:43:09'),
(32, 32, 3, '超級無聊的！', '2022-12-15 15:43:09'),
(33, 33, 4, '之前玩過，覺得很刺激', '2022-12-15 15:43:09'),
(34, 34, 4, '好刺激的游戏', '2022-12-15 15:43:09'),
(35, 35, 5, '超級無聊的！', '2022-12-15 15:43:09'),
(36, 36, 5, '建議提供主題換裝，更有沈浸式體驗', '2022-12-15 15:43:09'),
(37, 37, 4, '建議提供主題換裝，更有沈浸式體驗', '2022-12-15 15:43:09'),
(38, 38, 4, 'NPC扮演很盡職', '2022-12-15 15:43:09'),
(39, 39, 4, '嚇死本仙女了', '2022-12-15 15:43:09'),
(40, 40, 5, '超級無聊的！', '2022-12-15 15:43:09'),
(41, 41, 4, 'NPC扮演很盡職', '2022-12-15 15:43:09'),
(42, 42, 4, '環境整潔，工作人員服務態度很好', '2022-12-15 15:43:09'),
(43, 43, 4, '嚇死本仙女了', '2022-12-15 15:43:09'),
(44, 44, 4, '建議提供主題換裝，更有沈浸式體驗', '2022-12-15 15:43:09'),
(45, 45, 4, '嚇死本仙女了', '2022-12-15 15:43:09'),
(46, 46, 5, '環境整潔，工作人員服務態度很好', '2022-12-15 15:43:09'),
(47, 47, 5, '環境整潔，工作人員服務態度很好', '2022-12-15 15:43:09'),
(48, 48, 5, '超級無聊的！', '2022-12-15 15:43:09'),
(49, 49, 4, '好刺激的游戏', '2022-12-15 15:43:09'),
(50, 50, 4, '好刺激的游戏', '2022-12-15 15:43:09'),
(51, 51, 4, '超級無聊的！', '2022-12-15 15:43:09'),
(52, 52, 3, '環境整潔，工作人員服務態度很好', '2022-12-15 15:43:09'),
(53, 53, 4, 'NPC扮演很盡職', '2022-12-15 15:43:09'),
(54, 54, 5, '嚇死本仙女了', '2022-12-15 15:43:09'),
(55, 55, 4, '建議提供主題換裝，更有沈浸式體驗', '2022-12-15 15:43:09'),
(56, 56, 5, '好刺激的游戏', '2022-12-15 15:43:09'),
(57, 57, 4, '好刺激的游戏', '2022-12-15 15:43:09'),
(58, 58, 5, '之前玩過，覺得很刺激', '2022-12-15 15:43:09'),
(59, 59, 3, '超級無聊的！', '2022-12-15 15:43:09'),
(60, 60, 5, '好刺激的游戏', '2022-12-15 15:43:09'),
(61, 61, 4, '之前玩過，覺得很刺激', '2022-12-15 15:43:09'),
(62, 62, 4, '之前玩過，覺得很刺激', '2022-12-15 15:43:09'),
(63, 63, 3, '環境整潔，工作人員服務態度很好', '2022-12-15 15:43:09'),
(64, 64, 3, '好刺激的游戏', '2022-12-15 15:43:09'),
(65, 65, 5, '建議提供主題換裝，更有沈浸式體驗', '2022-12-15 15:43:09'),
(66, 66, 3, '環境整潔，工作人員服務態度很好', '2022-12-15 15:43:09'),
(67, 67, 4, '嚇死本仙女了', '2022-12-15 15:43:09'),
(68, 68, 3, '建議提供主題換裝，更有沈浸式體驗', '2022-12-15 15:43:09'),
(69, 69, 5, '好刺激的游戏', '2022-12-15 15:43:09'),
(70, 70, 4, '好刺激的游戏', '2022-12-15 15:43:09'),
(71, 71, 4, '好刺激的游戏', '2022-12-15 15:43:09'),
(72, 72, 4, '建議提供主題換裝，更有沈浸式體驗', '2022-12-15 15:43:09'),
(73, 73, 4, '環境整潔，工作人員服務態度很好', '2022-12-15 15:43:09'),
(74, 74, 5, '之前玩過，覺得很刺激', '2022-12-15 15:43:09'),
(75, 75, 3, '超級無聊的！', '2022-12-15 15:43:09'),
(76, 76, 5, '嚇死本仙女了', '2022-12-15 15:43:09'),
(77, 77, 3, '嚇死本仙女了', '2022-12-15 15:43:09'),
(78, 78, 5, '環境整潔，工作人員服務態度很好', '2022-12-15 15:43:09'),
(79, 79, 3, '超級無聊的！', '2022-12-15 15:43:10'),
(80, 80, 5, '建議提供主題換裝，更有沈浸式體驗', '2022-12-15 15:43:10'),
(81, 81, 5, 'NPC扮演很盡職', '2022-12-15 15:43:10'),
(82, 82, 4, '建議提供主題換裝，更有沈浸式體驗', '2022-12-15 15:43:10'),
(83, 83, 4, '超級無聊的！', '2022-12-15 15:43:10'),
(84, 84, 4, 'NPC扮演很盡職', '2022-12-15 15:43:10'),
(85, 85, 5, '之前玩過，覺得很刺激', '2022-12-15 15:43:10'),
(86, 86, 5, '之前玩過，覺得很刺激', '2022-12-15 15:43:10'),
(87, 87, 5, '好刺激的游戏', '2022-12-15 15:43:10'),
(88, 88, 5, 'NPC扮演很盡職', '2022-12-15 15:43:10'),
(89, 89, 4, '建議提供主題換裝，更有沈浸式體驗', '2022-12-15 15:43:10'),
(90, 90, 5, '建議提供主題換裝，更有沈浸式體驗', '2022-12-15 15:43:10'),
(91, 91, 3, '環境整潔，工作人員服務態度很好', '2022-12-15 15:43:10'),
(92, 92, 5, '嚇死本仙女了', '2022-12-15 15:43:10'),
(93, 93, 4, '環境整潔，工作人員服務態度很好', '2022-12-15 15:43:10'),
(94, 94, 4, '超級無聊的！', '2022-12-15 15:43:10'),
(95, 95, 5, '嚇死本仙女了', '2022-12-15 15:43:10'),
(96, 96, 4, '建議提供主題換裝，更有沈浸式體驗', '2022-12-15 15:43:10'),
(97, 97, 3, '之前玩過，覺得很刺激', '2022-12-15 15:43:10'),
(98, 98, 5, '環境整潔，工作人員服務態度很好', '2022-12-15 15:43:10'),
(99, 99, 3, '好刺激的游戏', '2022-12-15 15:43:10'),
(100, 100, 4, 'NPC扮演很盡職', '2022-12-15 15:43:10'),
(101, 101, 4, '超級無聊的！', '2022-12-15 15:43:10'),
(102, 102, 4, '好刺激的游戏', '2022-12-15 15:43:10'),
(103, 103, 4, '好刺激的游戏', '2022-12-15 15:43:10'),
(104, 104, 3, '嚇死本仙女了', '2022-12-15 15:43:10'),
(105, 105, 5, 'NPC扮演很盡職', '2022-12-15 15:43:10'),
(106, 106, 4, '之前玩過，覺得很刺激', '2022-12-15 15:43:10'),
(107, 107, 5, '環境整潔，工作人員服務態度很好', '2022-12-15 15:43:10'),
(108, 108, 5, '建議提供主題換裝，更有沈浸式體驗', '2022-12-15 15:43:10'),
(109, 109, 5, '建議提供主題換裝，更有沈浸式體驗', '2022-12-15 15:43:10'),
(110, 110, 4, '超級無聊的！', '2022-12-15 15:43:10'),
(111, 111, 3, '嚇死本仙女了', '2022-12-15 15:43:10'),
(112, 112, 4, 'NPC扮演很盡職', '2022-12-15 15:43:10'),
(113, 113, 4, 'NPC扮演很盡職', '2022-12-15 15:43:10'),
(114, 114, 5, '環境整潔，工作人員服務態度很好', '2022-12-15 15:43:10'),
(115, 115, 5, '之前玩過，覺得很刺激', '2022-12-15 15:43:10'),
(116, 116, 4, '好刺激的游戏', '2022-12-15 15:43:10'),
(117, 117, 4, '嚇死本仙女了', '2022-12-15 15:43:10'),
(118, 118, 5, '好刺激的游戏', '2022-12-15 15:43:10'),
(120, 0, 5, '林机构客户感觉', '2022-12-15 16:48:20'),
(126, 4, 5, '4242', '2022-12-18 02:15:31'),
(127, 40, 4, 'asd', '2022-12-18 02:35:20'),
(131, 1678308426, 5, '123', '2023-03-11 03:39:25'),
(132, 1678308410, 5, '123', '2023-03-11 03:39:19'),
(133, 1678477121, 5, '123', '2023-03-11 03:39:29'),
(134, 1678485322, 3, '999', '2023-03-11 05:56:04'),
(135, 1678485789, 4, '456', '2023-03-11 06:04:14'),
(136, 1678593547, 4, '感謝你特別邀請', '2023-03-12 12:44:12'),
(137, 1678593547, 4, '感謝你特別邀請', '2023-03-12 12:44:12'),
(138, 1678621042, 4, '感謝你特別邀請', '2023-03-12 20:57:05');

-- --------------------------------------------------------

--
-- 資料表結構 `discount`
--

CREATE TABLE `discount` (
  `discountSid` int(11) NOT NULL,
  `discountRand` int(11) NOT NULL,
  `discountID` int(11) NOT NULL,
  `membersid` int(11) NOT NULL,
  `discountState` varchar(5) NOT NULL,
  `discountStartDate` datetime NOT NULL
) ENGINE=InnoDB DEFAULT CHARSET=utf8mb4 COLLATE=utf8mb4_general_ci;

--
-- 傾印資料表的資料 `discount`
--

INSERT INTO `discount` (`discountSid`, `discountRand`, `discountID`, `membersid`, `discountState`, `discountStartDate`) VALUES
(1, 9274, 1, 5, '未使用', '2022-10-01 00:00:00'),
(2, 7320, 2, 3, '已使用', '2022-01-01 00:00:00'),
(3, 4601, 3, 8, '已使用', '2022-10-10 00:00:00'),
(4, 6131, 0, 6, '未使用', '2022-09-09 00:00:00'),
(5, 9539, 5, 3, '未使用', '2022-12-24 00:00:00'),
(23, 1959, 3, 15, '未使用', '2022-12-18 17:23:01'),
(24, 3808, 3, 15, '未使用', '2022-12-18 17:23:02'),
(25, 3858, 3, 15, '未使用', '2022-12-18 17:23:03'),
(26, 8951, 3, 15, '未使用', '2022-12-18 17:23:03'),
(27, 6767, 50, 8, '未使用', '2022-12-18 17:29:38');

-- --------------------------------------------------------

--
-- 資料表結構 `discount_detail`
--

CREATE TABLE `discount_detail` (
  `discountID` int(11) NOT NULL,
  `discountName` varchar(255) NOT NULL,
  `discountPrice` int(11) NOT NULL,
  `discountDate` varchar(255) NOT NULL
) ENGINE=InnoDB DEFAULT CHARSET=utf8mb4 COLLATE=utf8mb4_general_ci;

--
-- 傾印資料表的資料 `discount_detail`
--

INSERT INTO `discount_detail` (`discountID`, `discountName`, `discountPrice`, `discountDate`) VALUES
(1, '當月生日禮', 40, '30 days'),
(2, '2022註冊禮', 50, '365 days'),
(3, '連假yee起玩', 30, '3 days'),
(4, '我就折', 70, '9 days'),
(5, '限時聖誕派對', 60, '1 days'),
(50, '爽發20塊', 20, '30days'),
(55, '123456', 5, '30days');

-- --------------------------------------------------------

--
-- 資料表結構 `gamecollect`
--

CREATE TABLE `gamecollect` (
  `sid` int(11) NOT NULL,
  `meberSid` int(11) NOT NULL,
  `gameSid` int(11) NOT NULL,
  `create_at_c` datetime NOT NULL DEFAULT current_timestamp()
) ENGINE=InnoDB DEFAULT CHARSET=utf8mb4 COLLATE=utf8mb4_general_ci;

--
-- 傾印資料表的資料 `gamecollect`
--

INSERT INTO `gamecollect` (`sid`, `meberSid`, `gameSid`, `create_at_c`) VALUES
(11, 509, 193, '2023-03-12 11:13:42'),
(14, 511, 221, '2023-03-12 20:20:50');

-- --------------------------------------------------------

--
-- 資料表結構 `games`
--

CREATE TABLE `games` (
  `gamesSid` int(11) NOT NULL,
  `gamesName` varchar(50) NOT NULL,
  `gamesImages` varchar(255) NOT NULL,
  `gamesPeopleMin` int(11) NOT NULL,
  `gamesPeopleMax` int(11) NOT NULL,
  `gamesDifficulty` int(11) NOT NULL,
  `gamesFeature01` int(11) NOT NULL COMMENT '遊戲特點',
  `gamesFeature02` int(11) NOT NULL COMMENT '遊戲特點',
  `gamesPrice` int(11) NOT NULL,
  `gamesSort` int(11) NOT NULL COMMENT '遊玩方式',
  `gamesTime` int(11) NOT NULL COMMENT '遊戲遊玩時間',
  `gamesOpen` date NOT NULL COMMENT '遊戲上架時間',
  `gamesColse` int(11) NOT NULL COMMENT '遊戲下架時間',
  `gamesContent` varchar(255) NOT NULL,
  `storeSid` int(11) NOT NULL,
  `create_at` datetime NOT NULL DEFAULT current_timestamp(),
  `up_date` datetime NOT NULL
) ENGINE=InnoDB DEFAULT CHARSET=utf8mb4 COLLATE=utf8mb4_general_ci;

--
-- 傾印資料表的資料 `games`
--

INSERT INTO `games` (`gamesSid`, `gamesName`, `gamesImages`, `gamesPeopleMin`, `gamesPeopleMax`, `gamesDifficulty`, `gamesFeature01`, `gamesFeature02`, `gamesPrice`, `gamesSort`, `gamesTime`, `gamesOpen`, `gamesColse`, `gamesContent`, `storeSid`, `create_at`, `up_date`) VALUES
(1, '等一個人盜墓', '1.jpg', 2, 4, 4, 4, 2, 500, 1, 1, '2022-10-19', 1, '西域沙漠中\n突然出現了一座神秘的古墓\n陵墓的主人正是消失已久的樓蘭女王\n\n政府派出一支考古隊前往調查\n但他們卻離奇的失去了聯繫\n\n於是政府秘密派遣盜墓賊再次前往\n究竟，會在裡面發現什麼……？', 1, '2022-12-12 07:33:00', '2022-12-12 07:33:00'),
(2, '這個Case有點Big', '2.jpg', 2, 4, 3, 4, 7, 600, 1, 2, '2022-10-19', 1, '『一場發生在行李箱中的奇幻冒險，世界上怎麼會有那麼大的行李箱啊？\n再不逃出去，就要被永遠困在這裡了！』\n\nLoGin偵探社最近收到了一封奇怪的委託信，\n一位著急的媽媽聲稱她失蹤的10歲兒子被邪惡的科學家綁架了。(這年代還有邪惡的科學家嗎…)\n但當偵探社聯繫她時，卻又堅決否認寄出過這封信，這個案子也就不了了之…\n\n但這位媽媽突然又聯繫了偵探社表示她已潛入科學家的研究所，\n希望我們能派出偵探協助她，但一時之間實在抽不出人手…\n你看起來挺聰明的，能幫個忙嗎？', 1, '2022-12-12 07:33:00', '2022-12-12 07:33:00'),
(3, '冒險王', '3.jpg', 2, 4, 2, 4, 2, 800, 1, 3, '2022-10-19', 1, '傳說在百慕達三角洲一帶有一座神秘的島嶼，歷史至今為了前往島嶼的海盜、冒險家皆無一倖免，因此有著死亡島之稱。據說這個死亡島藏有許多珍貴的寶藏，還蘊含著不可思議的力量，唯有成功奪取寶藏並活著回來才能成為冒險王！', 1, '2022-12-12 07:33:00', '2022-12-12 07:33:00'),
(4, '鱗屋之中', '4.jpg', 2, 4, 3, 2, 4, 700, 1, 4, '2022-10-19', 1, '崖邊那棟樓房，磚瓦整齊鱗列，\n偶爾閃耀波光水紋，\n當地人稱這奇異樓房為──鱗屋。\n朝鱗屋望去，\n彷彿有股力量牽動著你們隱密的心緒，\n深入探索，\n如何在重重迷霧間選擇出可行之路呢？', 1, '2022-12-12 07:33:00', '2022-12-12 07:33:00'),
(5, '迷霧島', '5.jpg', 2, 4, 2, 2, 4, 600, 1, 3, '2023-04-08', 1, '三條獨立故事線?古老遺跡場景?空間大型機關\n\n你曾聽過那迪亞嗎？\n遙遠的古文明存在著三大種族，只有走進迷霧島，你才能揭開他們最核心的秘密?\n\n??萬物神殿 – 平衡宇宙秩序，躲避空間機關陷阱\n??元素之門 – 古老礦場冒險，操控元素穿透維度\n??亞人試煉 – 團結創造生機，手腳並用進化人類\n\n各種族均有專屬領地，以不同種族身分多次登陸，解鎖改變最終結局！', 1, '2022-12-12 07:33:00', '2022-12-12 07:33:00'),
(6, '辛亥隧道', '6.jpg', 2, 4, 1, 8, 4, 750, 1, 4, '2022-10-19', 1, '逼真場景 ? 滿分機關 ? 感人劇情\n全台唯一，實車機關\n荒郊野嶺，拾階而上\n扣人心弦，驚心挑戰\n\n六大賣點??\n全新沈浸體驗設計，玩家推動劇情發展\n獨一無二大型機關\n專業配音 聲臨其境\n高標準美術團隊打造，超擬真場景\n絕美動畫視覺特效\n真人互動，挑戰你的腎上腺', 4, '2022-12-12 07:33:00', '2022-12-12 07:33:00'),
(7, '獨眼傑克', '7.jpg', 2, 4, 1, 4, 2, 550, 1, 1, '2022-10-19', 1, '西域沙漠中\n突然出現了一座神秘的古墓\n陵墓的主人正是消失已久的樓蘭女王\n\n政府派出一支考古隊前往調查\n但他們卻離奇的失去了聯繫\n\n於是政府秘密派遣盜墓賊再次前往\n究竟，會在裡面發現什麼……？', 4, '2022-12-12 07:33:00', '2022-12-12 07:33:00'),
(8, '掘', '8.jpg', 2, 4, 2, 2, 4, 720, 1, 3, '2022-10-19', 1, '『一場發生在行李箱中的奇幻冒險，世界上怎麼會有那麼大的行李箱啊？\n再不逃出去，就要被永遠困在這裡了！』\n\nLoGin偵探社最近收到了一封奇怪的委託信，\n一位著急的媽媽聲稱她失蹤的11歲兒子被邪惡的科學家綁架了。(這年代還有邪惡的科學家嗎…)\n但當偵探社聯繫她時，卻又堅決否認寄出過這封信，這個案子也就不了了之…\n\n但這位媽媽突然又聯繫了偵探社表示她已潛入科學家的研究所，\n希望我們能派出偵探協助她，但一時之間實在抽不出人手…\n你看起來挺聰明的，能幫個忙嗎？', 4, '2022-12-12 07:33:00', '2022-12-12 07:33:00'),
(9, '秦關', '9.jpg', 2, 4, 2, 2, 4, 650, 1, 2, '2023-04-08', 1, '傳說在百慕達三角洲一帶有一座神秘的島嶼，歷史至今為了前往島嶼的海盜、冒險家皆無一倖免，因此有著死亡島之稱。據說這個死亡島藏有許多珍貴的寶藏，還蘊含著不可思議的力量，唯有成功奪取寶藏並活著回來才能成為冒險王！', 4, '2022-12-12 07:33:00', '2022-12-12 07:33:00'),
(10, '諜戰1941', '10.jpg', 2, 4, 2, 4, 2, 600, 1, 4, '2023-04-08', 1, '崖邊那棟樓房，磚瓦整齊鱗列，\n偶爾閃耀波光水紋，\n當地人稱這奇異樓房為──鱗屋。\n朝鱗屋望去，\n彷彿有股力量牽動著你們隱密的心緒，\n深入探索，\n如何在重重迷霧間選擇出可行之路呢？', 5, '2022-12-12 07:33:00', '2022-12-12 07:33:00'),
(11, '秘令', '11.jpg', 2, 4, 3, 4, 2, 500, 1, 3, '2023-04-08', 1, '三條獨立故事線?古老遺跡場景?空間大型機關\n\n你曾聽過那迪亞嗎？\n遙遠的古文明存在著三大種族，只有走進迷霧島，你才能揭開他們最核心的秘密?\n\n??萬物神殿 – 平衡宇宙秩序，躲避空間機關陷阱\n??元素之門 – 古老礦場冒險，操控元素穿透維度\n??亞人試煉 – 團結創造生機，手腳並用進化人類\n\n各種族均有專屬領地，以不同種族身分多次登陸，解鎖改變最終結局！', 5, '2022-12-12 07:33:00', '2022-12-12 07:33:00'),
(12, '秘令2三劍客的逆襲', '12.jpg', 2, 4, 2, 2, 4, 600, 1, 4, '2022-10-19', 1, '逼真場景 ? 滿分機關 ? 感人劇情\n全台唯一，實車機關\n荒郊野嶺，拾階而上\n扣人心弦，驚心挑戰\n\n六大賣點??\n全新沈浸體驗設計，玩家推動劇情發展\n獨一無二大型機關\n專業配音 聲臨其境\n高標準美術團隊打造，超擬真場景\n絕美動畫視覺特效\n真人互動，挑戰你的腎上腺', 5, '2022-12-12 07:33:00', '2022-12-12 07:33:00'),
(13, '瑪莉控', '13.jpg', 2, 4, 1, 7, 5, 350, 1, 1, '2022-10-19', 1, '西域沙漠中\n突然出現了一座神秘的古墓\n陵墓的主人正是消失已久的樓蘭女王\n\n政府派出一支考古隊前往調查\n但他們卻離奇的失去了聯繫\n\n於是政府秘密派遣盜墓賊再次前往\n究竟，會在裡面發現什麼……？', 5, '2022-12-12 07:33:00', '2022-12-12 07:33:00'),
(14, '奪命鎖鏈2', '14.jpg', 2, 4, 2, 11, 2, 600, 1, 2, '2022-10-19', 1, '『一場發生在行李箱中的奇幻冒險，世界上怎麼會有那麼大的行李箱啊？\n再不逃出去，就要被永遠困在這裡了！』\n\nLoGin偵探社最近收到了一封奇怪的委託信，\n一位著急的媽媽聲稱她失蹤的12歲兒子被邪惡的科學家綁架了。(這年代還有邪惡的科學家嗎…)\n但當偵探社聯繫她時，卻又堅決否認寄出過這封信，這個案子也就不了了之…\n\n但這位媽媽突然又聯繫了偵探社表示她已潛入科學家的研究所，\n希望我們能派出偵探協助她，但一時之間實在抽不出人手…\n你看起來挺聰明的，能幫個忙嗎？', 5, '2022-12-12 07:33:00', '2022-12-12 07:33:00'),
(15, '籠中鳥', '15.jpg', 2, 4, 3, 8, 9, 600, 1, 3, '2022-10-19', 1, '傳說在百慕達三角洲一帶有一座神秘的島嶼，歷史至今為了前往島嶼的海盜、冒險家皆無一倖免，因此有著死亡島之稱。據說這個死亡島藏有許多珍貴的寶藏，還蘊含著不可思議的力量，唯有成功奪取寶藏並活著回來才能成為冒險王！', 5, '2022-12-12 07:33:00', '2022-12-12 07:33:00'),
(16, '拉麵的奧義', '16.jpg', 2, 4, 1, 7, 4, 350, 1, 1, '2022-10-19', 1, '崖邊那棟樓房，磚瓦整齊鱗列，\n偶爾閃耀波光水紋，\n當地人稱這奇異樓房為──鱗屋。\n朝鱗屋望去，\n彷彿有股力量牽動著你們隱密的心緒，\n深入探索，\n如何在重重迷霧間選擇出可行之路呢？', 5, '2022-12-12 07:33:00', '2022-12-12 07:33:00'),
(17, '熊熊危機', '17.jpg', 2, 4, 1, 7, 4, 400, 1, 1, '2023-04-08', 1, '西域沙漠中\n突然出現了一座神秘的古墓\n陵墓的主人正是消失已久的樓蘭女王\n\n政府派出一支考古隊前往調查\n但他們卻離奇的失去了聯繫\n\n於是政府秘密派遣盜墓賊再次前往\n究竟，會在裡面發現什麼……？', 7, '2022-12-12 07:33:00', '2022-12-12 07:33:00'),
(18, '顛倒的室', '18.jpg', 2, 4, 2, 4, 3, 600, 1, 2, '2022-10-19', 1, '『一場發生在行李箱中的奇幻冒險，世界上怎麼會有那麼大的行李箱啊？\n再不逃出去，就要被永遠困在這裡了！』\n\nLoGin偵探社最近收到了一封奇怪的委託信，\n一位著急的媽媽聲稱她失蹤的11歲兒子被邪惡的科學家綁架了。(這年代還有邪惡的科學家嗎…)\n但當偵探社聯繫她時，卻又堅決否認寄出過這封信，這個案子也就不了了之…\n\n但這位媽媽突然又聯繫了偵探社表示她已潛入科學家的研究所，\n希望我們能派出偵探協助她，但一時之間實在抽不出人手…\n你看起來挺聰明的，能幫個忙嗎？', 7, '2022-12-12 07:33:00', '2022-12-12 07:33:00'),
(19, '微笑謎藏', '19.jpg', 2, 4, 4, 9, 4, 750, 1, 4, '2022-10-19', 1, '傳說在百慕達三角洲一帶有一座神秘的島嶼，歷史至今為了前往島嶼的海盜、冒險家皆無一倖免，因此有著死亡島之稱。據說這個死亡島藏有許多珍貴的寶藏，還蘊含著不可思議的力量，唯有成功奪取寶藏並活著回來才能成為冒險王！', 7, '2022-12-12 07:33:00', '2022-12-12 07:33:00'),
(20, '宇宙逃脫Vicky', '20.jpg', 2, 6, 2, 2, 5, 650, 1, 3, '2022-10-19', 1, '崖邊那棟樓房，磚瓦整齊鱗列，\n偶爾閃耀波光水紋，\n當地人稱這奇異樓房為──鱗屋。\n朝鱗屋望去，\n彷彿有股力量牽動著你們隱密的心緒，\n深入探索，\n如何在重重迷霧間選擇出可行之路呢？', 7, '2022-12-12 07:34:00', '2022-12-12 07:34:00'),
(21, '蜀山', '21.jpg', 2, 6, 2, 4, 2, 375, 1, 1, '2022-10-19', 1, '三條獨立故事線?古老遺跡場景?空間大型機關\n\n你曾聽過那迪亞嗎？\n遙遠的古文明存在著三大種族，只有走進迷霧島，你才能揭開他們最核心的秘密?\n\n??萬物神殿 – 平衡宇宙秩序，躲避空間機關陷阱\n??元素之門 – 古老礦場冒險，操控元素穿透維度\n??亞人試煉 – 團結創造生機，手腳並用進化人類\n\n各種族均有專屬領地，以不同種族身分多次登陸，解鎖改變最終結局！', 7, '2022-12-12 07:34:00', '2022-12-12 07:34:00'),
(22, '血色古堡', '22.jpg', 2, 6, 5, 2, 4, 600, 1, 2, '2022-10-19', 1, '逼真場景 ? 滿分機關 ? 感人劇情\n全台唯一，實車機關\n荒郊野嶺，拾階而上\n扣人心弦，驚心挑戰\n\n六大賣點??\n全新沈浸體驗設計，玩家推動劇情發展\n獨一無二大型機關\n專業配音 聲臨其境\n高標準美術團隊打造，超擬真場景\n絕美動畫視覺特效\n真人互動，挑戰你的腎上腺', 7, '2022-12-12 07:34:00', '2022-12-12 07:34:00'),
(23, '控制獄', '23.jpg', 2, 6, 2, 2, 5, 650, 1, 3, '2023-04-08', 1, '西域沙漠中\n突然出現了一座神秘的古墓\n陵墓的主人正是消失已久的樓蘭女王\n\n政府派出一支考古隊前往調查\n但他們卻離奇的失去了聯繫\n\n於是政府秘密派遣盜墓賊再次前往\n究竟，會在裡面發現什麼……？', 8, '2022-12-12 07:34:00', '2022-12-12 07:34:00'),
(24, '醉後任務', '24.jpg', 2, 6, 2, 10, 14, 600, 1, 2, '2022-10-19', 1, '『一場發生在行李箱中的奇幻冒險，世界上怎麼會有那麼大的行李箱啊？\n再不逃出去，就要被永遠困在這裡了！』\n\nLoGin偵探社最近收到了一封奇怪的委託信，\n一位著急的媽媽聲稱她失蹤的12歲兒子被邪惡的科學家綁架了。(這年代還有邪惡的科學家嗎…)\n但當偵探社聯繫她時，卻又堅決否認寄出過這封信，這個案子也就不了了之…\n\n但這位媽媽突然又聯繫了偵探社表示她已潛入科學家的研究所，\n希望我們能派出偵探協助她，但一時之間實在抽不出人手…\n你看起來挺聰明的，能幫個忙嗎？', 8, '2022-12-12 07:34:00', '2022-12-12 07:34:00'),
(25, '永生劫', '25.jpg', 2, 6, 2, 2, 4, 375, 1, 1, '2022-10-19', 1, '傳說在百慕達三角洲一帶有一座神秘的島嶼，歷史至今為了前往島嶼的海盜、冒險家皆無一倖免，因此有著死亡島之稱。據說這個死亡島藏有許多珍貴的寶藏，還蘊含著不可思議的力量，唯有成功奪取寶藏並活著回來才能成為冒險王！', 8, '2022-12-12 07:34:00', '2022-12-12 07:34:00'),
(26, '醒', '26.jpg', 2, 6, 3, 4, 11, 720, 1, 4, '2022-10-19', 1, '崖邊那棟樓房，磚瓦整齊鱗列，\n偶爾閃耀波光水紋，\n當地人稱這奇異樓房為──鱗屋。\n朝鱗屋望去，\n彷彿有股力量牽動著你們隱密的心緒，\n深入探索，\n如何在重重迷霧間選擇出可行之路呢？', 8, '2022-12-12 07:34:00', '2022-12-12 07:34:00'),
(27, '創世紀', '27.jpg', 2, 6, 1, 2, 11, 550, 1, 3, '2023-04-08', 1, '三條獨立故事線?古老遺跡場景?空間大型機關\n\n你曾聽過那迪亞嗎？\n遙遠的古文明存在著三大種族，只有走進迷霧島，你才能揭開他們最核心的秘密?\n\n??萬物神殿 – 平衡宇宙秩序，躲避空間機關陷阱\n??元素之門 – 古老礦場冒險，操控元素穿透維度\n??亞人試煉 – 團結創造生機，手腳並用進化人類\n\n各種族均有專屬領地，以不同種族身分多次登陸，解鎖改變最終結局！', 9, '2022-12-12 07:34:00', '2022-12-12 07:34:00'),
(28, '浪浪', '28.jpg', 2, 6, 2, 4, 7, 375, 1, 1, '2022-10-19', 1, '逼真場景 ? 滿分機關 ? 感人劇情\n全台唯一，實車機關\n荒郊野嶺，拾階而上\n扣人心弦，驚心挑戰\n\n六大賣點??\n全新沈浸體驗設計，玩家推動劇情發展\n獨一無二大型機關\n專業配音 聲臨其境\n高標準美術團隊打造，超擬真場景\n絕美動畫視覺特效\n真人互動，挑戰你的腎上腺', 9, '2022-12-12 07:34:00', '2022-12-12 07:34:00'),
(29, '月夜獨嚎', '29.jpg', 2, 6, 2, 4, 6, 550, 1, 3, '2022-10-19', 1, '西域沙漠中\n突然出現了一座神秘的古墓\n陵墓的主人正是消失已久的樓蘭女王\n\n政府派出一支考古隊前往調查\n但他們卻離奇的失去了聯繫\n\n於是政府秘密派遣盜墓賊再次前往\n究竟，會在裡面發現什麼……？', 9, '2022-12-12 07:34:00', '2022-12-12 07:34:00'),
(30, '我們的秘密', '30.jpg', 2, 6, 2, 8, 3, 600, 2, 4, '2022-10-19', 1, '『一場發生在行李箱中的奇幻冒險，世界上怎麼會有那麼大的行李箱啊？\n再不逃出去，就要被永遠困在這裡了！』\n\nLoGin偵探社最近收到了一封奇怪的委託信，\n一位著急的媽媽聲稱她失蹤的13歲兒子被邪惡的科學家綁架了。(這年代還有邪惡的科學家嗎…)\n但當偵探社聯繫她時，卻又堅決否認寄出過這封信，這個案子也就不了了之…\n\n但這位媽媽突然又聯繫了偵探社表示她已潛入科學家的研究所，\n希望我們能派出偵探協助她，但一時之間實在抽不出人手…\n你看起來挺聰明的，能幫個忙嗎？', 9, '2022-12-12 07:34:00', '2022-12-12 07:34:00'),
(31, '羅伯班克', '31.jpg', 2, 6, 2, 2, 4, 500, 1, 2, '2022-10-19', 1, '傳說在百慕達三角洲一帶有一座神秘的島嶼，歷史至今為了前往島嶼的海盜、冒險家皆無一倖免，因此有著死亡島之稱。據說這個死亡島藏有許多珍貴的寶藏，還蘊含著不可思議的力量，唯有成功奪取寶藏並活著回來才能成為冒險王！', 9, '2022-12-12 07:34:00', '2022-12-12 07:34:00'),
(32, '幻境奇航II-最終的航道', '32.jpg', 2, 6, 2, 4, 2, 550, 1, 3, '2023-04-08', 1, '崖邊那棟樓房，磚瓦整齊鱗列，\n偶爾閃耀波光水紋，\n當地人稱這奇異樓房為──鱗屋。\n朝鱗屋望去，\n彷彿有股力量牽動著你們隱密的心緒，\n深入探索，\n如何在重重迷霧間選擇出可行之路呢？', 10, '2022-12-12 07:34:00', '2022-12-12 07:34:00'),
(33, '天方夜譚', '33.jpg', 2, 6, 1, 4, 11, 375, 1, 1, '2023-04-08', 1, '西域沙漠中\n突然出現了一座神秘的古墓\n陵墓的主人正是消失已久的樓蘭女王\n\n政府派出一支考古隊前往調查\n但他們卻離奇的失去了聯繫\n\n於是政府秘密派遣盜墓賊再次前往\n究竟，會在裡面發現什麼……？', 10, '2022-12-12 07:34:00', '2022-12-12 07:34:00'),
(34, '鄉間小盜', '34.jpg', 2, 6, 1, 7, 4, 375, 1, 2, '2022-10-19', 1, '『一場發生在行李箱中的奇幻冒險，世界上怎麼會有那麼大的行李箱啊？\n再不逃出去，就要被永遠困在這裡了！』\n\nLoGin偵探社最近收到了一封奇怪的委託信，\n一位著急的媽媽聲稱她失蹤的12歲兒子被邪惡的科學家綁架了。(這年代還有邪惡的科學家嗎…)\n但當偵探社聯繫她時，卻又堅決否認寄出過這封信，這個案子也就不了了之…\n\n但這位媽媽突然又聯繫了偵探社表示她已潛入科學家的研究所，\n希望我們能派出偵探協助她，但一時之間實在抽不出人手…\n你看起來挺聰明的，能幫個忙嗎？', 10, '2022-12-12 07:34:00', '2022-12-12 07:34:00'),
(35, '重返地平線', '35.jpg', 2, 6, 3, 4, 2, 600, 1, 3, '2022-10-19', 1, '傳說在百慕達三角洲一帶有一座神秘的島嶼，歷史至今為了前往島嶼的海盜、冒險家皆無一倖免，因此有著死亡島之稱。據說這個死亡島藏有許多珍貴的寶藏，還蘊含著不可思議的力量，唯有成功奪取寶藏並活著回來才能成為冒險王！', 10, '2022-12-12 07:34:00', '2022-12-12 07:34:00'),
(36, '奪命記憶', '36.jpg', 2, 6, 2, 2, 6, 600, 1, 4, '2022-10-19', 1, '崖邊那棟樓房，磚瓦整齊鱗列，\n偶爾閃耀波光水紋，\n當地人稱這奇異樓房為──鱗屋。\n朝鱗屋望去，\n彷彿有股力量牽動著你們隱密的心緒，\n深入探索，\n如何在重重迷霧間選擇出可行之路呢？', 10, '2022-12-12 07:34:00', '2022-12-12 07:34:00'),
(37, '鬼靈精怪店', '37.jpg', 2, 6, 1, 7, 5, 300, 1, 1, '2022-10-19', 1, '三條獨立故事線?古老遺跡場景?空間大型機關\n\n你曾聽過那迪亞嗎？\n遙遠的古文明存在著三大種族，只有走進迷霧島，你才能揭開他們最核心的秘密?\n\n??萬物神殿 – 平衡宇宙秩序，躲避空間機關陷阱\n??元素之門 – 古老礦場冒險，操控元素穿透維度\n??亞人試煉 – 團結創造生機，手腳並用進化人類\n\n各種族均有專屬領地，以不同種族身分多次登陸，解鎖改變最終結局！', 10, '2022-12-12 07:34:00', '2022-12-12 07:34:00'),
(38, '軍情六處', '38.jpg', 2, 6, 1, 7, 3, 450, 1, 2, '2022-10-19', 1, '逼真場景 ? 滿分機關 ? 感人劇情\n全台唯一，實車機關\n荒郊野嶺，拾階而上\n扣人心弦，驚心挑戰\n\n六大賣點??\n全新沈浸體驗設計，玩家推動劇情發展\n獨一無二大型機關\n專業配音 聲臨其境\n高標準美術團隊打造，超擬真場景\n絕美動畫視覺特效\n真人互動，挑戰你的腎上腺', 16, '2022-12-12 07:34:00', '2022-12-12 07:34:00'),
(39, ' 忍SHINOBI', '39.jpg', 2, 6, 2, 2, 4, 550, 1, 3, '2022-10-19', 1, '西域沙漠中\n突然出現了一座神秘的古墓\n陵墓的主人正是消失已久的樓蘭女王\n\n政府派出一支考古隊前往調查\n但他們卻離奇的失去了聯繫\n\n於是政府秘密派遣盜墓賊再次前往\n究竟，會在裡面發現什麼……？', 16, '2022-12-12 07:34:00', '2022-12-12 07:34:00'),
(40, '馬桶英雄', '40.jpg', 2, 8, 1, 7, 4, 600, 1, 4, '2022-10-19', 1, '『一場發生在行李箱中的奇幻冒險，世界上怎麼會有那麼大的行李箱啊？\n再不逃出去，就要被永遠困在這裡了！』\n\nLoGin偵探社最近收到了一封奇怪的委託信，\n一位著急的媽媽聲稱她失蹤的13歲兒子被邪惡的科學家綁架了。(這年代還有邪惡的科學家嗎…)\n但當偵探社聯繫她時，卻又堅決否認寄出過這封信，這個案子也就不了了之…\n\n但這位媽媽突然又聯繫了偵探社表示她已潛入科學家的研究所，\n希望我們能派出偵探協助她，但一時之間實在抽不出人手…\n你看起來挺聰明的，能幫個忙嗎？', 16, '2022-12-12 07:34:00', '2022-12-12 07:34:00'),
(41, '魔法學院', '41.jpg', 2, 8, 1, 11, 4, 375, 1, 1, '2022-10-19', 1, '傳說在百慕達三角洲一帶有一座神秘的島嶼，歷史至今為了前往島嶼的海盜、冒險家皆無一倖免，因此有著死亡島之稱。據說這個死亡島藏有許多珍貴的寶藏，還蘊含著不可思議的力量，唯有成功奪取寶藏並活著回來才能成為冒險王！', 16, '2022-12-12 07:34:00', '2022-12-12 07:34:00'),
(42, '惡靈', '42.jpg', 2, 8, 2, 4, 2, 600, 1, 3, '2022-10-19', 1, '崖邊那棟樓房，磚瓦整齊鱗列，\n偶爾閃耀波光水紋，\n當地人稱這奇異樓房為──鱗屋。\n朝鱗屋望去，\n彷彿有股力量牽動著你們隱密的心緒，\n深入探索，\n如何在重重迷霧間選擇出可行之路呢？', 17, '2022-12-12 07:34:00', '2022-12-12 07:34:00'),
(43, '刑務所脫出', '43.jpg', 2, 8, 1, 11, 7, 450, 1, 2, '2022-10-19', 1, '三條獨立故事線?古老遺跡場景?空間大型機關\n\n你曾聽過那迪亞嗎？\n遙遠的古文明存在著三大種族，只有走進迷霧島，你才能揭開他們最核心的秘密?\n\n??萬物神殿 – 平衡宇宙秩序，躲避空間機關陷阱\n??元素之門 – 古老礦場冒險，操控元素穿透維度\n??亞人試煉 – 團結創造生機，手腳並用進化人類\n\n各種族均有專屬領地，以不同種族身分多次登陸，解鎖改變最終結局！', 17, '2022-12-12 07:34:00', '2022-12-12 07:34:00'),
(44, '暗花尋跡', '44.jpg', 2, 8, 3, 1, 4, 600, 2, 4, '2022-10-19', 1, '逼真場景 ? 滿分機關 ? 感人劇情\n全台唯一，實車機關\n荒郊野嶺，拾階而上\n扣人心弦，驚心挑戰\n\n六大賣點??\n全新沈浸體驗設計，玩家推動劇情發展\n獨一無二大型機關\n專業配音 聲臨其境\n高標準美術團隊打造，超擬真場景\n絕美動畫視覺特效\n真人互動，挑戰你的腎上腺', 17, '2022-12-12 07:34:00', '2022-12-12 07:34:00'),
(45, '噬夢', '45.jpg', 2, 8, 1, 4, 7, 450, 1, 1, '2022-10-19', 1, '西域沙漠中\n突然出現了一座神秘的古墓\n陵墓的主人正是消失已久的樓蘭女王\n\n政府派出一支考古隊前往調查\n但他們卻離奇的失去了聯繫\n\n於是政府秘密派遣盜墓賊再次前往\n究竟，會在裡面發現什麼……？', 17, '2022-12-12 07:34:00', '2022-12-12 07:34:00'),
(46, '地心任務', '46.jpg', 2, 8, 2, 4, 2, 500, 1, 2, '2022-10-19', 1, '『一場發生在行李箱中的奇幻冒險，世界上怎麼會有那麼大的行李箱啊？\n再不逃出去，就要被永遠困在這裡了！』\n\nLoGin偵探社最近收到了一封奇怪的委託信，\n一位著急的媽媽聲稱她失蹤的14歲兒子被邪惡的科學家綁架了。(這年代還有邪惡的科學家嗎…)\n但當偵探社聯繫她時，卻又堅決否認寄出過這封信，這個案子也就不了了之…\n\n但這位媽媽突然又聯繫了偵探社表示她已潛入科學家的研究所，\n希望我們能派出偵探協助她，但一時之間實在抽不出人手…\n你看起來挺聰明的，能幫個忙嗎？', 17, '2022-12-12 07:34:00', '2022-12-12 07:34:00'),
(47, '艾比的時空膠囊', '47.jpg', 2, 8, 2, 5, 2, 650, 1, 4, '2022-10-19', 1, '傳說在百慕達三角洲一帶有一座神秘的島嶼，歷史至今為了前往島嶼的海盜、冒險家皆無一倖免，因此有著死亡島之稱。據說這個死亡島藏有許多珍貴的寶藏，還蘊含著不可思議的力量，唯有成功奪取寶藏並活著回來才能成為冒險王！', 19, '2022-12-12 07:34:00', '2022-12-12 07:34:00'),
(48, '觀落陰', '48.jpg', 2, 8, 1, 8, 4, 600, 1, 3, '2022-10-19', 1, '崖邊那棟樓房，磚瓦整齊鱗列，\n偶爾閃耀波光水紋，\n當地人稱這奇異樓房為──鱗屋。\n朝鱗屋望去，\n彷彿有股力量牽動著你們隱密的心緒，\n深入探索，\n如何在重重迷霧間選擇出可行之路呢？', 19, '2022-12-12 07:34:00', '2022-12-12 07:34:00'),
(49, '迷豆', '49.jpg', 2, 8, 1, 7, 4, 550, 1, 2, '2022-10-19', 1, '西域沙漠中\n突然出現了一座神秘的古墓\n陵墓的主人正是消失已久的樓蘭女王\n\n政府派出一支考古隊前往調查\n但他們卻離奇的失去了聯繫\n\n於是政府秘密派遣盜墓賊再次前往\n究竟，會在裡面發現什麼……？', 19, '2022-12-12 07:34:00', '2022-12-12 07:34:00'),
(50, '奪命鎖鏈1', '50.jpg', 2, 8, 1, 11, 1, 600, 2, 4, '2022-10-19', 1, '『一場發生在行李箱中的奇幻冒險，世界上怎麼會有那麼大的行李箱啊？\n再不逃出去，就要被永遠困在這裡了！』\n\nLoGin偵探社最近收到了一封奇怪的委託信，\n一位著急的媽媽聲稱她失蹤的13歲兒子被邪惡的科學家綁架了。(這年代還有邪惡的科學家嗎…)\n但當偵探社聯繫她時，卻又堅決否認寄出過這封信，這個案子也就不了了之…\n\n但這位媽媽突然又聯繫了偵探社表示她已潛入科學家的研究所，\n希望我們能派出偵探協助她，但一時之間實在抽不出人手…\n你看起來挺聰明的，能幫個忙嗎？', 21, '2022-12-12 07:34:00', '2022-12-12 07:34:00'),
(51, '以王之名', '51.jpg', 2, 8, 2, 4, 6, 600, 1, 2, '2022-10-19', 1, '傳說在百慕達三角洲一帶有一座神秘的島嶼，歷史至今為了前往島嶼的海盜、冒險家皆無一倖免，因此有著死亡島之稱。據說這個死亡島藏有許多珍貴的寶藏，還蘊含著不可思議的力量，唯有成功奪取寶藏並活著回來才能成為冒險王！', 21, '2022-12-12 07:34:00', '2022-12-12 07:34:00'),
(52, '異界籠', '52.jpg', 2, 8, 4, 2, 6, 600, 1, 3, '2022-10-19', 1, '崖邊那棟樓房，磚瓦整齊鱗列，\n偶爾閃耀波光水紋，\n當地人稱這奇異樓房為──鱗屋。\n朝鱗屋望去，\n彷彿有股力量牽動著你們隱密的心緒，\n深入探索，\n如何在重重迷霧間選擇出可行之路呢？', 21, '2022-12-12 07:34:00', '2022-12-12 07:34:00'),
(53, '洛克飯店-殺手困境', '53.jpg', 2, 8, 1, 1, 13, 600, 1, 3, '2022-10-19', 1, '三條獨立故事線?古老遺跡場景?空間大型機關\n\n你曾聽過那迪亞嗎？\n遙遠的古文明存在著三大種族，只有走進迷霧島，你才能揭開他們最核心的秘密?\n\n??萬物神殿 – 平衡宇宙秩序，躲避空間機關陷阱\n??元素之門 – 古老礦場冒險，操控元素穿透維度\n??亞人試煉 – 團結創造生機，手腳並用進化人類\n\n各種族均有專屬領地，以不同種族身分多次登陸，解鎖改變最終結局！', 21, '2022-12-12 07:34:00', '2022-12-12 07:34:00'),
(54, '攝影屍', '54.jpg', 2, 8, 2, 8, 4, 500, 1, 1, '2022-10-19', 1, '逼真場景 ? 滿分機關 ? 感人劇情\n全台唯一，實車機關\n荒郊野嶺，拾階而上\n扣人心弦，驚心挑戰\n\n六大賣點??\n全新沈浸體驗設計，玩家推動劇情發展\n獨一無二大型機關\n專業配音 聲臨其境\n高標準美術團隊打造，超擬真場景\n絕美動畫視覺特效\n真人互動，挑戰你的腎上腺', 21, '2022-12-12 07:34:00', '2022-12-12 07:34:00'),
(55, '迴異路', '55.jpg', 2, 8, 2, 3, 6, 680, 1, 4, '2022-10-19', 1, '西域沙漠中\n突然出現了一座神秘的古墓\n陵墓的主人正是消失已久的樓蘭女王\n\n政府派出一支考古隊前往調查\n但他們卻離奇的失去了聯繫\n\n於是政府秘密派遣盜墓賊再次前往\n究竟，會在裡面發現什麼……？', 31, '2022-12-12 07:34:00', '2022-12-12 07:34:00'),
(56, '地下噬', '56.jpg', 2, 8, 1, 8, 9, 250, 1, 1, '2022-10-19', 1, '『一場發生在行李箱中的奇幻冒險，世界上怎麼會有那麼大的行李箱啊？\n再不逃出去，就要被永遠困在這裡了！』\n\nLoGin偵探社最近收到了一封奇怪的委託信，\n一位著急的媽媽聲稱她失蹤的14歲兒子被邪惡的科學家綁架了。(這年代還有邪惡的科學家嗎…)\n但當偵探社聯繫她時，卻又堅決否認寄出過這封信，這個案子也就不了了之…\n\n但這位媽媽突然又聯繫了偵探社表示她已潛入科學家的研究所，\n希望我們能派出偵探協助她，但一時之間實在抽不出人手…\n你看起來挺聰明的，能幫個忙嗎？', 31, '2022-12-12 07:34:00', '2022-12-12 07:34:00'),
(57, '感染II病變', '57.jpg', 2, 8, 1, 4, 11, 375, 1, 1, '2022-10-19', 1, '傳說在百慕達三角洲一帶有一座神秘的島嶼，歷史至今為了前往島嶼的海盜、冒險家皆無一倖免，因此有著死亡島之稱。據說這個死亡島藏有許多珍貴的寶藏，還蘊含著不可思議的力量，唯有成功奪取寶藏並活著回來才能成為冒險王！', 31, '2022-12-12 07:34:00', '2022-12-12 07:34:00'),
(58, '杜蘭德20號公寓', '58.jpg', 2, 8, 2, 2, 3, 550, 1, 2, '2022-10-19', 1, '崖邊那棟樓房，磚瓦整齊鱗列，\n偶爾閃耀波光水紋，\n當地人稱這奇異樓房為──鱗屋。\n朝鱗屋望去，\n彷彿有股力量牽動著你們隱密的心緒，\n深入探索，\n如何在重重迷霧間選擇出可行之路呢？', 31, '2022-12-12 07:34:00', '2022-12-12 07:34:00'),
(59, '紅衣小女孩-噩夢再見', '59.jpg', 2, 8, 1, 8, 4, 600, 1, 3, '2022-10-19', 1, '三條獨立故事線?古老遺跡場景?空間大型機關\n\n你曾聽過那迪亞嗎？\n遙遠的古文明存在著三大種族，只有走進迷霧島，你才能揭開他們最核心的秘密?\n\n??萬物神殿 – 平衡宇宙秩序，躲避空間機關陷阱\n??元素之門 – 古老礦場冒險，操控元素穿透維度\n??亞人試煉 – 團結創造生機，手腳並用進化人類\n\n各種族均有專屬領地，以不同種族身分多次登陸，解鎖改變最終結局！', 31, '2022-12-12 07:34:00', '2022-12-12 07:34:00'),
(60, '同學會', '60.jpg', 4, 6, 2, 3, 4, 600, 1, 4, '2022-10-19', 1, '逼真場景 ? 滿分機關 ? 感人劇情\n全台唯一，實車機關\n荒郊野嶺，拾階而上\n扣人心弦，驚心挑戰\n\n六大賣點??\n全新沈浸體驗設計，玩家推動劇情發展\n獨一無二大型機關\n專業配音 聲臨其境\n高標準美術團隊打造，超擬真場景\n絕美動畫視覺特效\n真人互動，挑戰你的腎上腺', 32, '2022-12-12 07:34:00', '2022-12-12 07:34:00'),
(61, '丑時參拜', '61.jpg', 4, 6, 2, 4, 3, 600, 1, 4, '2022-10-19', 1, '西域沙漠中\n突然出現了一座神秘的古墓\n陵墓的主人正是消失已久的樓蘭女王\n\n政府派出一支考古隊前往調查\n但他們卻離奇的失去了聯繫\n\n於是政府秘密派遣盜墓賊再次前往\n究竟，會在裡面發現什麼……？', 32, '2022-12-12 07:34:00', '2022-12-12 07:34:00'),
(62, '遺產', '62.jpg', 4, 6, 2, 3, 6, 600, 1, 3, '2022-10-19', 1, '『一場發生在行李箱中的奇幻冒險，世界上怎麼會有那麼大的行李箱啊？\n再不逃出去，就要被永遠困在這裡了！』\n\nLoGin偵探社最近收到了一封奇怪的委託信，\n一位著急的媽媽聲稱她失蹤的15歲兒子被邪惡的科學家綁架了。(這年代還有邪惡的科學家嗎…)\n但當偵探社聯繫她時，卻又堅決否認寄出過這封信，這個案子也就不了了之…\n\n但這位媽媽突然又聯繫了偵探社表示她已潛入科學家的研究所，\n希望我們能派出偵探協助她，但一時之間實在抽不出人手…\n你看起來挺聰明的，能幫個忙嗎？', 32, '2022-12-12 07:34:00', '2022-12-12 07:34:00'),
(63, '魔幻海角', '63.jpg', 4, 6, 5, 1, 6, 550, 1, 2, '2022-10-19', 1, '傳說在百慕達三角洲一帶有一座神秘的島嶼，歷史至今為了前往島嶼的海盜、冒險家皆無一倖免，因此有著死亡島之稱。據說這個死亡島藏有許多珍貴的寶藏，還蘊含著不可思議的力量，唯有成功奪取寶藏並活著回來才能成為冒險王！', 32, '2022-12-12 07:34:00', '2022-12-12 07:34:00'),
(64, '洛克飯店-維多莉亞的祕密', '64.jpg', 4, 6, 1, 13, 5, 600, 1, 2, '2022-10-19', 1, '崖邊那棟樓房，磚瓦整齊鱗列，\n偶爾閃耀波光水紋，\n當地人稱這奇異樓房為──鱗屋。\n朝鱗屋望去，\n彷彿有股力量牽動著你們隱密的心緒，\n深入探索，\n如何在重重迷霧間選擇出可行之路呢？', 32, '2022-12-12 07:34:00', '2022-12-12 07:34:00'),
(65, '直衝腦門', '65.jpg', 4, 6, 2, 2, 11, 600, 1, 3, '2023-04-08', 1, '西域沙漠中\n突然出現了一座神秘的古墓\n陵墓的主人正是消失已久的樓蘭女王\n\n政府派出一支考古隊前往調查\n但他們卻離奇的失去了聯繫\n\n於是政府秘密派遣盜墓賊再次前往\n究竟，會在裡面發現什麼……？', 6, '2022-12-12 07:34:00', '2022-12-12 07:34:00'),
(66, '時鐘之國', '66.jpg', 4, 6, 1, 2, 4, 300, 1, 1, '2022-10-19', 1, '『一場發生在行李箱中的奇幻冒險，世界上怎麼會有那麼大的行李箱啊？\n再不逃出去，就要被永遠困在這裡了！』\n\nLoGin偵探社最近收到了一封奇怪的委託信，\n一位著急的媽媽聲稱她失蹤的14歲兒子被邪惡的科學家綁架了。(這年代還有邪惡的科學家嗎…)\n但當偵探社聯繫她時，卻又堅決否認寄出過這封信，這個案子也就不了了之…\n\n但這位媽媽突然又聯繫了偵探社表示她已潛入科學家的研究所，\n希望我們能派出偵探協助她，但一時之間實在抽不出人手…\n你看起來挺聰明的，能幫個忙嗎？', 6, '2022-12-12 07:34:00', '2022-12-12 07:34:00'),
(67, '百鬼夜行', '67.jpg', 4, 6, 2, 7, 5, 650, 1, 4, '2022-10-19', 1, '傳說在百慕達三角洲一帶有一座神秘的島嶼，歷史至今為了前往島嶼的海盜、冒險家皆無一倖免，因此有著死亡島之稱。據說這個死亡島藏有許多珍貴的寶藏，還蘊含著不可思議的力量，唯有成功奪取寶藏並活著回來才能成為冒險王！', 6, '2022-12-12 07:34:00', '2022-12-12 07:34:00'),
(68, '絕境擴散-Miss M ', '68.jpg', 4, 6, 2, 2, 4, 600, 1, 3, '2022-10-19', 1, '崖邊那棟樓房，磚瓦整齊鱗列，\n偶爾閃耀波光水紋，\n當地人稱這奇異樓房為──鱗屋。\n朝鱗屋望去，\n彷彿有股力量牽動著你們隱密的心緒，\n深入探索，\n如何在重重迷霧間選擇出可行之路呢？', 6, '2022-12-12 07:34:00', '2022-12-12 07:34:00'),
(69, '腥院', '69.jpg', 4, 6, 4, 8, 4, 550, 1, 2, '2022-10-19', 1, '三條獨立故事線?古老遺跡場景?空間大型機關\n\n你曾聽過那迪亞嗎？\n遙遠的古文明存在著三大種族，只有走進迷霧島，你才能揭開他們最核心的秘密?\n\n??萬物神殿 – 平衡宇宙秩序，躲避空間機關陷阱\n??元素之門 – 古老礦場冒險，操控元素穿透維度\n??亞人試煉 – 團結創造生機，手腳並用進化人類\n\n各種族均有專屬領地，以不同種族身分多次登陸，解鎖改變最終結局！', 6, '2022-12-12 07:34:00', '2022-12-12 07:34:00'),
(70, '迪賽爾街19號', '70.jpg', 4, 6, 1, 11, 4, 350, 1, 1, '2022-10-19', 1, '逼真場景 ? 滿分機關 ? 感人劇情\n全台唯一，實車機關\n荒郊野嶺，拾階而上\n扣人心弦，驚心挑戰\n\n六大賣點??\n全新沈浸體驗設計，玩家推動劇情發展\n獨一無二大型機關\n專業配音 聲臨其境\n高標準美術團隊打造，超擬真場景\n絕美動畫視覺特效\n真人互動，挑戰你的腎上腺', 25, '2022-12-12 07:34:00', '2022-12-12 07:34:00'),
(71, '喵境夢遊', '71.jpg', 4, 6, 1, 7, 5, 550, 1, 4, '2022-10-19', 1, '西域沙漠中\n突然出現了一座神秘的古墓\n陵墓的主人正是消失已久的樓蘭女王\n\n政府派出一支考古隊前往調查\n但他們卻離奇的失去了聯繫\n\n於是政府秘密派遣盜墓賊再次前往\n究竟，會在裡面發現什麼……？', 25, '2022-12-12 07:34:00', '2022-12-12 07:34:00'),
(72, '逃出補習班 2.0', '72.jpg', 4, 6, 2, 7, 11, 550, 1, 3, '2022-10-19', 1, '『一場發生在行李箱中的奇幻冒險，世界上怎麼會有那麼大的行李箱啊？\n再不逃出去，就要被永遠困在這裡了！』\n\nLoGin偵探社最近收到了一封奇怪的委託信，\n一位著急的媽媽聲稱她失蹤的15歲兒子被邪惡的科學家綁架了。(這年代還有邪惡的科學家嗎…)\n但當偵探社聯繫她時，卻又堅決否認寄出過這封信，這個案子也就不了了之…\n\n但這位媽媽突然又聯繫了偵探社表示她已潛入科學家的研究所，\n希望我們能派出偵探協助她，但一時之間實在抽不出人手…\n你看起來挺聰明的，能幫個忙嗎？', 25, '2022-12-12 07:34:00', '2022-12-12 07:34:00'),
(73, '瘋狂追殺', '73.jpg', 4, 6, 2, 9, 8, 400, 1, 2, '2022-10-19', 1, '傳說在百慕達三角洲一帶有一座神秘的島嶼，歷史至今為了前往島嶼的海盜、冒險家皆無一倖免，因此有著死亡島之稱。據說這個死亡島藏有許多珍貴的寶藏，還蘊含著不可思議的力量，唯有成功奪取寶藏並活著回來才能成為冒險王！', 25, '2022-12-12 07:34:00', '2022-12-12 07:34:00'),
(74, '冥婚', '74.jpg', 4, 6, 1, 4, 8, 400, 1, 2, '2022-10-19', 1, '崖邊那棟樓房，磚瓦整齊鱗列，\n偶爾閃耀波光水紋，\n當地人稱這奇異樓房為──鱗屋。\n朝鱗屋望去，\n彷彿有股力量牽動著你們隱密的心緒，\n深入探索，\n如何在重重迷霧間選擇出可行之路呢？', 25, '2022-12-12 07:34:00', '2022-12-12 07:34:00'),
(75, '流亡黯道', '75.jpg', 4, 6, 2, 2, 4, 600, 1, 2, '2022-10-19', 1, '三條獨立故事線?古老遺跡場景?空間大型機關\n\n你曾聽過那迪亞嗎？\n遙遠的古文明存在著三大種族，只有走進迷霧島，你才能揭開他們最核心的秘密?\n\n??萬物神殿 – 平衡宇宙秩序，躲避空間機關陷阱\n??元素之門 – 古老礦場冒險，操控元素穿透維度\n??亞人試煉 – 團結創造生機，手腳並用進化人類\n\n各種族均有專屬領地，以不同種族身分多次登陸，解鎖改變最終結局！', 28, '2022-12-12 07:34:00', '2022-12-12 07:34:00'),
(76, '黃道追弒', '76.jpg', 4, 6, 2, 9, 4, 600, 1, 3, '2022-10-19', 1, '逼真場景 ? 滿分機關 ? 感人劇情\n全台唯一，實車機關\n荒郊野嶺，拾階而上\n扣人心弦，驚心挑戰\n\n六大賣點??\n全新沈浸體驗設計，玩家推動劇情發展\n獨一無二大型機關\n專業配音 聲臨其境\n高標準美術團隊打造，超擬真場景\n絕美動畫視覺特效\n真人互動，挑戰你的腎上腺', 28, '2022-12-12 07:34:00', '2022-12-12 07:34:00'),
(77, '深處', '77.jpg', 4, 6, 3, 3, 4, 650, 1, 4, '2022-10-19', 1, '西域沙漠中\n突然出現了一座神秘的古墓\n陵墓的主人正是消失已久的樓蘭女王\n\n政府派出一支考古隊前往調查\n但他們卻離奇的失去了聯繫\n\n於是政府秘密派遣盜墓賊再次前往\n究竟，會在裡面發現什麼……？', 28, '2022-12-12 07:34:00', '2022-12-12 07:34:00'),
(78, '河伯', '78.jpg', 4, 6, 1, 4, 5, 360, 1, 1, '2022-10-19', 1, '『一場發生在行李箱中的奇幻冒險，世界上怎麼會有那麼大的行李箱啊？\n再不逃出去，就要被永遠困在這裡了！』\n\nLoGin偵探社最近收到了一封奇怪的委託信，\n一位著急的媽媽聲稱她失蹤的16歲兒子被邪惡的科學家綁架了。(這年代還有邪惡的科學家嗎…)\n但當偵探社聯繫她時，卻又堅決否認寄出過這封信，這個案子也就不了了之…\n\n但這位媽媽突然又聯繫了偵探社表示她已潛入科學家的研究所，\n希望我們能派出偵探協助她，但一時之間實在抽不出人手…\n你看起來挺聰明的，能幫個忙嗎？', 28, '2022-12-12 07:34:00', '2022-12-12 07:34:00'),
(79, '偵訊現場', '79.jpg', 4, 6, 1, 5, 1, 400, 1, 2, '2022-10-19', 1, '傳說在百慕達三角洲一帶有一座神秘的島嶼，歷史至今為了前往島嶼的海盜、冒險家皆無一倖免，因此有著死亡島之稱。據說這個死亡島藏有許多珍貴的寶藏，還蘊含著不可思議的力量，唯有成功奪取寶藏並活著回來才能成為冒險王！', 28, '2022-12-12 07:34:00', '2022-12-12 07:34:00'),
(80, '那未了的話', '80.jpg', 4, 6, 1, 3, 6, 400, 1, 2, '2022-10-19', 1, '崖邊那棟樓房，磚瓦整齊鱗列，\n偶爾閃耀波光水紋，\n當地人稱這奇異樓房為──鱗屋。\n朝鱗屋望去，\n彷彿有股力量牽動著你們隱密的心緒，\n深入探索，\n如何在重重迷霧間選擇出可行之路呢？', 33, '2022-12-12 07:35:00', '2022-12-12 07:35:00'),
(81, '惠貞女子高校', '81.jpg', 4, 6, 2, 8, 4, 500, 1, 3, '2022-10-19', 1, '西域沙漠中\n突然出現了一座神秘的古墓\n陵墓的主人正是消失已久的樓蘭女王\n\n政府派出一支考古隊前往調查\n但他們卻離奇的失去了聯繫\n\n於是政府秘密派遣盜墓賊再次前往\n究竟，會在裡面發現什麼……？', 33, '2022-12-12 07:35:00', '2022-12-12 07:35:00'),
(82, '貪婪之城', '82.jpg', 4, 6, 2, 11, 5, 530, 1, 2, '2022-10-19', 1, '『一場發生在行李箱中的奇幻冒險，世界上怎麼會有那麼大的行李箱啊？\n再不逃出去，就要被永遠困在這裡了！』\n\nLoGin偵探社最近收到了一封奇怪的委託信，\n一位著急的媽媽聲稱她失蹤的15歲兒子被邪惡的科學家綁架了。(這年代還有邪惡的科學家嗎…)\n但當偵探社聯繫她時，卻又堅決否認寄出過這封信，這個案子也就不了了之…\n\n但這位媽媽突然又聯繫了偵探社表示她已潛入科學家的研究所，\n希望我們能派出偵探協助她，但一時之間實在抽不出人手…\n你看起來挺聰明的，能幫個忙嗎？', 33, '2022-12-12 07:35:00', '2022-12-12 07:35:00'),
(83, '人魚之森', '83.jpg', 4, 6, 2, 4, 2, 550, 1, 3, '2022-10-19', 1, '傳說在百慕達三角洲一帶有一座神秘的島嶼，歷史至今為了前往島嶼的海盜、冒險家皆無一倖免，因此有著死亡島之稱。據說這個死亡島藏有許多珍貴的寶藏，還蘊含著不可思議的力量，唯有成功奪取寶藏並活著回來才能成為冒險王！', 33, '2022-12-12 07:35:00', '2022-12-12 07:35:00'),
(84, '偶像出道', '84.jpg', 4, 6, 1, 7, 11, 600, 1, 4, '2022-10-19', 1, '崖邊那棟樓房，磚瓦整齊鱗列，\n偶爾閃耀波光水紋，\n當地人稱這奇異樓房為──鱗屋。\n朝鱗屋望去，\n彷彿有股力量牽動著你們隱密的心緒，\n深入探索，\n如何在重重迷霧間選擇出可行之路呢？', 33, '2022-12-12 07:35:00', '2022-12-12 07:35:00'),
(85, '馬雅魔方', '85.jpg', 4, 6, 4, 2, 11, 400, 1, 1, '2022-10-19', 1, '三條獨立故事線?古老遺跡場景?空間大型機關\n\n你曾聽過那迪亞嗎？\n遙遠的古文明存在著三大種族，只有走進迷霧島，你才能揭開他們最核心的秘密?\n\n??萬物神殿 – 平衡宇宙秩序，躲避空間機關陷阱\n??元素之門 – 古老礦場冒險，操控元素穿透維度\n??亞人試煉 – 團結創造生機，手腳並用進化人類\n\n各種族均有專屬領地，以不同種族身分多次登陸，解鎖改變最終結局！', 33, '2022-12-12 07:35:00', '2022-12-12 07:35:00'),
(86, '碟仙', '86.jpg', 4, 6, 2, 8, 4, 450, 1, 2, '2022-10-19', 1, '逼真場景 ? 滿分機關 ? 感人劇情\n全台唯一，實車機關\n荒郊野嶺，拾階而上\n扣人心弦，驚心挑戰\n\n六大賣點??\n全新沈浸體驗設計，玩家推動劇情發展\n獨一無二大型機關\n專業配音 聲臨其境\n高標準美術團隊打造，超擬真場景\n絕美動畫視覺特效\n真人互動，挑戰你的腎上腺', 39, '2022-12-12 07:35:00', '2022-12-12 07:35:00'),
(87, '曼陀羅', '87.jpg', 4, 6, 2, 3, 4, 600, 1, 3, '2022-10-19', 1, '西域沙漠中\n突然出現了一座神秘的古墓\n陵墓的主人正是消失已久的樓蘭女王\n\n政府派出一支考古隊前往調查\n但他們卻離奇的失去了聯繫\n\n於是政府秘密派遣盜墓賊再次前往\n究竟，會在裡面發現什麼……？', 39, '2022-12-12 07:35:00', '2022-12-12 07:35:00'),
(88, '鬼影刑恫', '88.jpg', 4, 6, 2, 7, 5, 650, 1, 3, '2022-10-19', 1, '『一場發生在行李箱中的奇幻冒險，世界上怎麼會有那麼大的行李箱啊？\n再不逃出去，就要被永遠困在這裡了！』\n\nLoGin偵探社最近收到了一封奇怪的委託信，\n一位著急的媽媽聲稱她失蹤的16歲兒子被邪惡的科學家綁架了。(這年代還有邪惡的科學家嗎…)\n但當偵探社聯繫她時，卻又堅決否認寄出過這封信，這個案子也就不了了之…\n\n但這位媽媽突然又聯繫了偵探社表示她已潛入科學家的研究所，\n希望我們能派出偵探協助她，但一時之間實在抽不出人手…\n你看起來挺聰明的，能幫個忙嗎？', 39, '2022-12-12 07:35:00', '2022-12-12 07:35:00'),
(89, '奇術師', '89.jpg', 4, 6, 2, 2, 4, 600, 1, 4, '2022-10-19', 1, '傳說在百慕達三角洲一帶有一座神秘的島嶼，歷史至今為了前往島嶼的海盜、冒險家皆無一倖免，因此有著死亡島之稱。據說這個死亡島藏有許多珍貴的寶藏，還蘊含著不可思議的力量，唯有成功奪取寶藏並活著回來才能成為冒險王！', 39, '2022-12-12 07:35:00', '2022-12-12 07:35:00'),
(90, '是不是勇者', '90.jpg', 4, 6, 2, 7, 5, 288, 1, 1, '2022-10-19', 1, '崖邊那棟樓房，磚瓦整齊鱗列，\n偶爾閃耀波光水紋，\n當地人稱這奇異樓房為──鱗屋。\n朝鱗屋望去，\n彷彿有股力量牽動著你們隱密的心緒，\n深入探索，\n如何在重重迷霧間選擇出可行之路呢？', 20, '2022-12-12 07:35:00', '2022-12-12 07:35:00'),
(91, '木柵欄裡的祕密', '91.jpg', 4, 6, 1, 11, 7, 210, 3, 4, '2022-10-19', 1, '三條獨立故事線?古老遺跡場景?空間大型機關\n\n你曾聽過那迪亞嗎？\n遙遠的古文明存在著三大種族，只有走進迷霧島，你才能揭開他們最核心的秘密?\n\n??萬物神殿 – 平衡宇宙秩序，躲避空間機關陷阱\n??元素之門 – 古老礦場冒險，操控元素穿透維度\n??亞人試煉 – 團結創造生機，手腳並用進化人類\n\n各種族均有專屬領地，以不同種族身分多次登陸，解鎖改變最終結局！', 20, '2022-12-12 07:35:00', '2022-12-12 07:35:00'),
(92, '翻箱盜櫃-2.0', '92.jpg', 4, 6, 2, 6, 2, 450, 1, 3, '2022-10-19', 1, '逼真場景 ? 滿分機關 ? 感人劇情\n全台唯一，實車機關\n荒郊野嶺，拾階而上\n扣人心弦，驚心挑戰\n\n六大賣點??\n全新沈浸體驗設計，玩家推動劇情發展\n獨一無二大型機關\n專業配音 聲臨其境\n高標準美術團隊打造，超擬真場景\n絕美動畫視覺特效\n真人互動，挑戰你的腎上腺', 20, '2022-12-12 07:35:00', '2022-12-12 07:35:00'),
(93, '小小鎮', '93.jpg', 4, 6, 1, 7, 5, 350, 1, 2, '2022-10-19', 1, '西域沙漠中\n突然出現了一座神秘的古墓\n陵墓的主人正是消失已久的樓蘭女王\n\n政府派出一支考古隊前往調查\n但他們卻離奇的失去了聯繫\n\n於是政府秘密派遣盜墓賊再次前往\n究竟，會在裡面發現什麼……？', 20, '2022-12-12 07:35:00', '2022-12-12 07:35:00'),
(94, '移神移鬼', '94.jpg', 4, 6, 3, 7, 5, 350, 1, 2, '2022-10-19', 1, '『一場發生在行李箱中的奇幻冒險，世界上怎麼會有那麼大的行李箱啊？\n再不逃出去，就要被永遠困在這裡了！』\n\nLoGin偵探社最近收到了一封奇怪的委託信，\n一位著急的媽媽聲稱她失蹤的17歲兒子被邪惡的科學家綁架了。(這年代還有邪惡的科學家嗎…)\n但當偵探社聯繫她時，卻又堅決否認寄出過這封信，這個案子也就不了了之…\n\n但這位媽媽突然又聯繫了偵探社表示她已潛入科學家的研究所，\n希望我們能派出偵探協助她，但一時之間實在抽不出人手…\n你看起來挺聰明的，能幫個忙嗎？', 26, '2022-12-12 07:35:00', '2022-12-12 07:35:00'),
(95, '即刻越獄', '95.jpg', 4, 6, 1, 11, 5, 250, 1, 1, '2022-10-19', 1, '傳說在百慕達三角洲一帶有一座神秘的島嶼，歷史至今為了前往島嶼的海盜、冒險家皆無一倖免，因此有著死亡島之稱。據說這個死亡島藏有許多珍貴的寶藏，還蘊含著不可思議的力量，唯有成功奪取寶藏並活著回來才能成為冒險王！', 26, '2022-12-12 07:35:00', '2022-12-12 07:35:00'),
(96, '塭噬', '96.jpg', 4, 6, 2, 8, 4, 700, 1, 4, '2022-10-19', 1, '崖邊那棟樓房，磚瓦整齊鱗列，\n偶爾閃耀波光水紋，\n當地人稱這奇異樓房為──鱗屋。\n朝鱗屋望去，\n彷彿有股力量牽動著你們隱密的心緒，\n深入探索，\n如何在重重迷霧間選擇出可行之路呢？', 26, '2022-12-12 07:35:00', '2022-12-12 07:35:00'),
(97, '美人秘湯', '97.jpg', 4, 6, 1, 4, 7, 650, 1, 3, '2022-10-19', 1, '西域沙漠中\n突然出現了一座神秘的古墓\n陵墓的主人正是消失已久的樓蘭女王\n\n政府派出一支考古隊前往調查\n但他們卻離奇的失去了聯繫\n\n於是政府秘密派遣盜墓賊再次前往\n究竟，會在裡面發現什麼……？', 26, '2022-12-12 07:35:00', '2022-12-12 07:35:00'),
(98, '獄言', '98.jpg', 4, 6, 2, 6, 4, 450, 1, 2, '2023-04-08', 1, '『一場發生在行李箱中的奇幻冒險，世界上怎麼會有那麼大的行李箱啊？\n再不逃出去，就要被永遠困在這裡了！』\n\nLoGin偵探社最近收到了一封奇怪的委託信，\n一位著急的媽媽聲稱她失蹤的16歲兒子被邪惡的科學家綁架了。(這年代還有邪惡的科學家嗎…)\n但當偵探社聯繫她時，卻又堅決否認寄出過這封信，這個案子也就不了了之…\n\n但這位媽媽突然又聯繫了偵探社表示她已潛入科學家的研究所，\n希望我們能派出偵探協助她，但一時之間實在抽不出人手…\n你看起來挺聰明的，能幫個忙嗎？', 26, '2022-12-12 07:35:00', '2022-12-12 07:35:00'),
(99, '櫻花暖居', '99.jpg', 4, 6, 1, 4, 8, 500, 1, 2, '2022-10-19', 1, '傳說在百慕達三角洲一帶有一座神秘的島嶼，歷史至今為了前往島嶼的海盜、冒險家皆無一倖免，因此有著死亡島之稱。據說這個死亡島藏有許多珍貴的寶藏，還蘊含著不可思議的力量，唯有成功奪取寶藏並活著回來才能成為冒險王！', 26, '2022-12-12 07:35:00', '2022-12-12 07:35:00'),
(100, '故世', '100.jpg', 4, 8, 2, 3, 8, 450, 1, 1, '2022-10-19', 1, '崖邊那棟樓房，磚瓦整齊鱗列，\n偶爾閃耀波光水紋，\n當地人稱這奇異樓房為──鱗屋。\n朝鱗屋望去，\n彷彿有股力量牽動著你們隱密的心緒，\n深入探索，\n如何在重重迷霧間選擇出可行之路呢？', 35, '2022-12-12 07:35:00', '2022-12-12 07:35:00'),
(101, '巴爾飯店-1407 ', '101.jpg', 4, 8, 2, 8, 4, 450, 1, 2, '2023-04-08', 1, '三條獨立故事線?古老遺跡場景?空間大型機關\n\n你曾聽過那迪亞嗎？\n遙遠的古文明存在著三大種族，只有走進迷霧島，你才能揭開他們最核心的秘密?\n\n??萬物神殿 – 平衡宇宙秩序，躲避空間機關陷阱\n??元素之門 – 古老礦場冒險，操控元素穿透維度\n??亞人試煉 – 團結創造生機，手腳並用進化人類\n\n各種族均有專屬領地，以不同種族身分多次登陸，解鎖改變最終結局！', 35, '2022-12-12 07:35:00', '2022-12-12 07:35:00'),
(102, '紅花', '102.jpg', 4, 8, 2, 4, 3, 800, 1, 4, '2022-10-19', 1, '逼真場景 ? 滿分機關 ? 感人劇情\n全台唯一，實車機關\n荒郊野嶺，拾階而上\n扣人心弦，驚心挑戰\n\n六大賣點??\n全新沈浸體驗設計，玩家推動劇情發展\n獨一無二大型機關\n專業配音 聲臨其境\n高標準美術團隊打造，超擬真場景\n絕美動畫視覺特效\n真人互動，挑戰你的腎上腺', 35, '2022-12-12 07:35:00', '2022-12-12 07:35:00'),
(103, '翻箱盜櫃', '103.jpg', 4, 8, 2, 2, 6, 600, 1, 3, '2022-10-19', 1, '西域沙漠中\n突然出現了一座神秘的古墓\n陵墓的主人正是消失已久的樓蘭女王\n\n政府派出一支考古隊前往調查\n但他們卻離奇的失去了聯繫\n\n於是政府秘密派遣盜墓賊再次前往\n究竟，會在裡面發現什麼……？', 35, '2022-12-12 07:35:00', '2022-12-12 07:35:00'),
(104, '吉屋出租', '104.jpg', 4, 8, 2, 8, 4, 500, 1, 2, '2022-10-19', 1, '『一場發生在行李箱中的奇幻冒險，世界上怎麼會有那麼大的行李箱啊？\n再不逃出去，就要被永遠困在這裡了！』\n\nLoGin偵探社最近收到了一封奇怪的委託信，\n一位著急的媽媽聲稱她失蹤的17歲兒子被邪惡的科學家綁架了。(這年代還有邪惡的科學家嗎…)\n但當偵探社聯繫她時，卻又堅決否認寄出過這封信，這個案子也就不了了之…\n\n但這位媽媽突然又聯繫了偵探社表示她已潛入科學家的研究所，\n希望我們能派出偵探協助她，但一時之間實在抽不出人手…\n你看起來挺聰明的，能幫個忙嗎？', 35, '2022-12-12 07:35:00', '2022-12-12 07:35:00'),
(105, '殭局', '105.jpg', 4, 8, 4, 4, 8, 500, 1, 2, '2022-10-19', 1, '傳說在百慕達三角洲一帶有一座神秘的島嶼，歷史至今為了前往島嶼的海盜、冒險家皆無一倖免，因此有著死亡島之稱。據說這個死亡島藏有許多珍貴的寶藏，還蘊含著不可思議的力量，唯有成功奪取寶藏並活著回來才能成為冒險王！', 36, '2022-12-12 07:35:00', '2022-12-12 07:35:00'),
(106, '童', '106.jpg', 4, 8, 1, 7, 12, 350, 1, 1, '2022-10-19', 1, '崖邊那棟樓房，磚瓦整齊鱗列，\n偶爾閃耀波光水紋，\n當地人稱這奇異樓房為──鱗屋。\n朝鱗屋望去，\n彷彿有股力量牽動著你們隱密的心緒，\n深入探索，\n如何在重重迷霧間選擇出可行之路呢？', 36, '2022-12-12 07:35:00', '2022-12-12 07:35:00'),
(107, '絕命旅舍', '107.jpg', 4, 8, 2, 4, 2, 500, 1, 3, '2022-10-19', 1, '三條獨立故事線?古老遺跡場景?空間大型機關\n\n你曾聽過那迪亞嗎？\n遙遠的古文明存在著三大種族，只有走進迷霧島，你才能揭開他們最核心的秘密?\n\n??萬物神殿 – 平衡宇宙秩序，躲避空間機關陷阱\n??元素之門 – 古老礦場冒險，操控元素穿透維度\n??亞人試煉 – 團結創造生機，手腳並用進化人類\n\n各種族均有專屬領地，以不同種族身分多次登陸，解鎖改變最終結局！', 36, '2022-12-12 07:35:00', '2022-12-12 07:35:00'),
(108, '惡一學園-丑時三刻', '108.jpg', 4, 8, 1, 8, 4, 350, 1, 2, '2023-04-08', 1, '逼真場景 ? 滿分機關 ? 感人劇情\n全台唯一，實車機關\n荒郊野嶺，拾階而上\n扣人心弦，驚心挑戰\n\n六大賣點??\n全新沈浸體驗設計，玩家推動劇情發展\n獨一無二大型機關\n專業配音 聲臨其境\n高標準美術團隊打造，超擬真場景\n絕美動畫視覺特效\n真人互動，挑戰你的腎上腺', 36, '2022-12-12 07:35:00', '2022-12-12 07:35:00'),
(109, '生日大餐', '109.jpg', 4, 8, 4, 8, 3, 600, 1, 4, '2022-10-19', 1, '西域沙漠中\n突然出現了一座神秘的古墓\n陵墓的主人正是消失已久的樓蘭女王\n\n政府派出一支考古隊前往調查\n但他們卻離奇的失去了聯繫\n\n於是政府秘密派遣盜墓賊再次前往\n究竟，會在裡面發現什麼……？', 36, '2022-12-12 07:35:00', '2022-12-12 07:35:00'),
(110, '童話的繼承者', '110.jpg', 4, 8, 1, 7, 4, 450, 1, 2, '2022-10-19', 1, '『一場發生在行李箱中的奇幻冒險，世界上怎麼會有那麼大的行李箱啊？\n再不逃出去，就要被永遠困在這裡了！』\n\nLoGin偵探社最近收到了一封奇怪的委託信，\n一位著急的媽媽聲稱她失蹤的18歲兒子被邪惡的科學家綁架了。(這年代還有邪惡的科學家嗎…)\n但當偵探社聯繫她時，卻又堅決否認寄出過這封信，這個案子也就不了了之…\n\n但這位媽媽突然又聯繫了偵探社表示她已潛入科學家的研究所，\n希望我們能派出偵探協助她，但一時之間實在抽不出人手…\n你看起來挺聰明的，能幫個忙嗎？', 37, '2022-12-12 07:35:00', '2022-12-12 07:35:00'),
(111, '咖波肚子痛', '111.jpg', 4, 8, 1, 7, 12, 500, 1, 3, '2022-10-19', 1, '傳說在百慕達三角洲一帶有一座神秘的島嶼，歷史至今為了前往島嶼的海盜、冒險家皆無一倖免，因此有著死亡島之稱。據說這個死亡島藏有許多珍貴的寶藏，還蘊含著不可思議的力量，唯有成功奪取寶藏並活著回來才能成為冒險王！', 37, '2022-12-12 07:35:00', '2022-12-12 07:35:00'),
(112, '奪寶令', '112.jpg', 4, 8, 2, 11, 6, 500, 1, 3, '2022-10-19', 1, '崖邊那棟樓房，磚瓦整齊鱗列，\n偶爾閃耀波光水紋，\n當地人稱這奇異樓房為──鱗屋。\n朝鱗屋望去，\n彷彿有股力量牽動著你們隱密的心緒，\n深入探索，\n如何在重重迷霧間選擇出可行之路呢？', 37, '2022-12-12 07:35:00', '2022-12-12 07:35:00'),
(113, '逆轉偵訊室', '113.jpg', 4, 8, 2, 3, 4, 400, 1, 1, '2022-10-19', 1, '西域沙漠中\n突然出現了一座神秘的古墓\n陵墓的主人正是消失已久的樓蘭女王\n\n政府派出一支考古隊前往調查\n但他們卻離奇的失去了聯繫\n\n於是政府秘密派遣盜墓賊再次前往\n究竟，會在裡面發現什麼……？', 37, '2022-12-12 07:35:00', '2022-12-12 07:35:00'),
(114, '餓夜協奏曲', '114.jpg', 4, 8, 2, 5, 7, 550, 1, 4, '2022-10-19', 1, '『一場發生在行李箱中的奇幻冒險，世界上怎麼會有那麼大的行李箱啊？\n再不逃出去，就要被永遠困在這裡了！』\n\nLoGin偵探社最近收到了一封奇怪的委託信，\n一位著急的媽媽聲稱她失蹤的17歲兒子被邪惡的科學家綁架了。(這年代還有邪惡的科學家嗎…)\n但當偵探社聯繫她時，卻又堅決否認寄出過這封信，這個案子也就不了了之…\n\n但這位媽媽突然又聯繫了偵探社表示她已潛入科學家的研究所，\n希望我們能派出偵探協助她，但一時之間實在抽不出人手…\n你看起來挺聰明的，能幫個忙嗎？', 37, '2022-12-12 07:35:00', '2022-12-12 07:35:00'),
(115, '巫毒-詛咒森林', '115.jpg', 4, 8, 1, 4, 2, 375, 1, 2, '2022-10-19', 1, '傳說在百慕達三角洲一帶有一座神秘的島嶼，歷史至今為了前往島嶼的海盜、冒險家皆無一倖免，因此有著死亡島之稱。據說這個死亡島藏有許多珍貴的寶藏，還蘊含著不可思議的力量，唯有成功奪取寶藏並活著回來才能成為冒險王！', 22, '2022-12-12 07:35:00', '2022-12-12 07:35:00'),
(116, '抓狂首映會', '116.jpg', 4, 8, 5, 14, 10, 600, 1, 4, '2022-10-19', 1, '崖邊那棟樓房，磚瓦整齊鱗列，\n偶爾閃耀波光水紋，\n當地人稱這奇異樓房為──鱗屋。\n朝鱗屋望去，\n彷彿有股力量牽動著你們隱密的心緒，\n深入探索，\n如何在重重迷霧間選擇出可行之路呢？', 22, '2022-12-12 07:35:00', '2022-12-12 07:35:00'),
(117, '傘', '117.jpg', 4, 8, 1, 8, 4, 350, 1, 2, '2022-10-19', 1, '三條獨立故事線?古老遺跡場景?空間大型機關\n\n你曾聽過那迪亞嗎？\n遙遠的古文明存在著三大種族，只有走進迷霧島，你才能揭開他們最核心的秘密?\n\n??萬物神殿 – 平衡宇宙秩序，躲避空間機關陷阱\n??元素之門 – 古老礦場冒險，操控元素穿透維度\n??亞人試煉 – 團結創造生機，手腳並用進化人類\n\n各種族均有專屬領地，以不同種族身分多次登陸，解鎖改變最終結局！', 22, '2022-12-12 07:35:00', '2022-12-12 07:35:00'),
(118, '期末考', '118.jpg', 4, 8, 2, 7, 5, 450, 1, 3, '2022-10-19', 1, '逼真場景 ? 滿分機關 ? 感人劇情\n全台唯一，實車機關\n荒郊野嶺，拾階而上\n扣人心弦，驚心挑戰\n\n六大賣點??\n全新沈浸體驗設計，玩家推動劇情發展\n獨一無二大型機關\n專業配音 聲臨其境\n高標準美術團隊打造，超擬真場景\n絕美動畫視覺特效\n真人互動，挑戰你的腎上腺', 22, '2022-12-12 07:35:00', '2022-12-12 07:35:00'),
(119, '審判者', '119.jpg', 4, 8, 1, 1, 13, 300, 1, 1, '2022-10-19', 1, '西域沙漠中\n突然出現了一座神秘的古墓\n陵墓的主人正是消失已久的樓蘭女王\n\n政府派出一支考古隊前往調查\n但他們卻離奇的失去了聯繫\n\n於是政府秘密派遣盜墓賊再次前往\n究竟，會在裡面發現什麼……？', 22, '2022-12-12 07:35:00', '2022-12-12 07:35:00'),
(120, '鬼新娘', '120.jpg', 4, 8, 2, 2, 4, 400, 1, 3, '2022-10-19', 1, '『一場發生在行李箱中的奇幻冒險，世界上怎麼會有那麼大的行李箱啊？\n再不逃出去，就要被永遠困在這裡了！』\n\nLoGin偵探社最近收到了一封奇怪的委託信，\n一位著急的媽媽聲稱她失蹤的18歲兒子被邪惡的科學家綁架了。(這年代還有邪惡的科學家嗎…)\n但當偵探社聯繫她時，卻又堅決否認寄出過這封信，這個案子也就不了了之…\n\n但這位媽媽突然又聯繫了偵探社表示她已潛入科學家的研究所，\n希望我們能派出偵探協助她，但一時之間實在抽不出人手…\n你看起來挺聰明的，能幫個忙嗎？', 23, '2022-12-12 07:35:00', '2022-12-12 07:35:00'),
(121, '跨越時空的遺產', '121.jpg', 4, 8, 2, 7, 5, 400, 1, 2, '2022-10-19', 1, '傳說在百慕達三角洲一帶有一座神秘的島嶼，歷史至今為了前往島嶼的海盜、冒險家皆無一倖免，因此有著死亡島之稱。據說這個死亡島藏有許多珍貴的寶藏，還蘊含著不可思議的力量，唯有成功奪取寶藏並活著回來才能成為冒險王！', 23, '2022-12-12 07:35:00', '2022-12-12 07:35:00'),
(122, '布蘭古堡Ｉ-疑雲', '122.jpg', 4, 8, 2, 4, 2, 400, 1, 2, '2022-10-19', 1, '崖邊那棟樓房，磚瓦整齊鱗列，\n偶爾閃耀波光水紋，\n當地人稱這奇異樓房為──鱗屋。\n朝鱗屋望去，\n彷彿有股力量牽動著你們隱密的心緒，\n深入探索，\n如何在重重迷霧間選擇出可行之路呢？', 23, '2022-12-12 07:35:00', '2022-12-12 07:35:00'),
(123, '入侵者-森林的哀嚎', '123.jpg', 4, 8, 2, 4, 2, 380, 1, 1, '2023-04-08', 1, '三條獨立故事線?古老遺跡場景?空間大型機關\n\n你曾聽過那迪亞嗎？\n遙遠的古文明存在著三大種族，只有走進迷霧島，你才能揭開他們最核心的秘密?\n\n??萬物神殿 – 平衡宇宙秩序，躲避空間機關陷阱\n??元素之門 – 古老礦場冒險，操控元素穿透維度\n??亞人試煉 – 團結創造生機，手腳並用進化人類\n\n各種族均有專屬領地，以不同種族身分多次登陸，解鎖改變最終結局！', 23, '2022-12-12 07:35:00', '2022-12-12 07:35:00'),
(124, '伯爵X的委託二', '124.jpg', 4, 8, 2, 1, 6, 380, 1, 1, '2022-10-19', 1, '逼真場景 ? 滿分機關 ? 感人劇情\n全台唯一，實車機關\n荒郊野嶺，拾階而上\n扣人心弦，驚心挑戰\n\n六大賣點??\n全新沈浸體驗設計，玩家推動劇情發展\n獨一無二大型機關\n專業配音 聲臨其境\n高標準美術團隊打造，超擬真場景\n絕美動畫視覺特效\n真人互動，挑戰你的腎上腺', 23, '2022-12-12 07:35:00', '2022-12-12 07:35:00'),
(125, '交替', '125.jpg', 4, 8, 1, 8, 4, 400, 1, 2, '2022-10-19', 1, '西域沙漠中\n突然出現了一座神秘的古墓\n陵墓的主人正是消失已久的樓蘭女王\n\n政府派出一支考古隊前往調查\n但他們卻離奇的失去了聯繫\n\n於是政府秘密派遣盜墓賊再次前往\n究竟，會在裡面發現什麼……？', 40, '2022-12-12 07:35:00', '2022-12-12 07:35:00'),
(126, '森林之心', '126.jpg', 4, 8, 1, 4, 7, 300, 1, 1, '2022-10-19', 1, '『一場發生在行李箱中的奇幻冒險，世界上怎麼會有那麼大的行李箱啊？\n再不逃出去，就要被永遠困在這裡了！』\n\nLoGin偵探社最近收到了一封奇怪的委託信，\n一位著急的媽媽聲稱她失蹤的19歲兒子被邪惡的科學家綁架了。(這年代還有邪惡的科學家嗎…)\n但當偵探社聯繫她時，卻又堅決否認寄出過這封信，這個案子也就不了了之…\n\n但這位媽媽突然又聯繫了偵探社表示她已潛入科學家的研究所，\n希望我們能派出偵探協助她，但一時之間實在抽不出人手…\n你看起來挺聰明的，能幫個忙嗎？', 40, '2022-12-12 07:35:00', '2022-12-12 07:35:00'),
(127, '理髮師-陶德卡特', '127.jpg', 4, 8, 2, 4, 3, 500, 1, 3, '2022-10-19', 1, '傳說在百慕達三角洲一帶有一座神秘的島嶼，歷史至今為了前往島嶼的海盜、冒險家皆無一倖免，因此有著死亡島之稱。據說這個死亡島藏有許多珍貴的寶藏，還蘊含著不可思議的力量，唯有成功奪取寶藏並活著回來才能成為冒險王！', 40, '2022-12-12 07:35:00', '2022-12-12 07:35:00'),
(128, '盜月筆記', '128.jpg', 4, 8, 1, 4, 6, 500, 1, 3, '2022-10-19', 1, '崖邊那棟樓房，磚瓦整齊鱗列，\n偶爾閃耀波光水紋，\n當地人稱這奇異樓房為──鱗屋。\n朝鱗屋望去，\n彷彿有股力量牽動著你們隱密的心緒，\n深入探索，\n如何在重重迷霧間選擇出可行之路呢？', 40, '2022-12-12 07:35:00', '2022-12-12 07:35:00'),
(129, '盜義有道', '129.jpg', 4, 8, 3, 2, 5, 300, 1, 1, '2023-04-08', 1, '西域沙漠中\n突然出現了一座神秘的古墓\n陵墓的主人正是消失已久的樓蘭女王\n\n政府派出一支考古隊前往調查\n但他們卻離奇的失去了聯繫\n\n於是政府秘密派遣盜墓賊再次前往\n究竟，會在裡面發現什麼……？', 40, '2022-12-12 07:35:00', '2022-12-12 07:35:00'),
(130, '冥古屋', '130.jpg', 4, 10, 1, 7, 2, 625, 1, 4, '2022-10-19', 1, '『一場發生在行李箱中的奇幻冒險，世界上怎麼會有那麼大的行李箱啊？\n再不逃出去，就要被永遠困在這裡了！』\n\nLoGin偵探社最近收到了一封奇怪的委託信，\n一位著急的媽媽聲稱她失蹤的18歲兒子被邪惡的科學家綁架了。(這年代還有邪惡的科學家嗎…)\n但當偵探社聯繫她時，卻又堅決否認寄出過這封信，這個案子也就不了了之…\n\n但這位媽媽突然又聯繫了偵探社表示她已潛入科學家的研究所，\n希望我們能派出偵探協助她，但一時之間實在抽不出人手…\n你看起來挺聰明的，能幫個忙嗎？', 2, '2022-12-12 07:35:00', '2022-12-12 07:35:00'),
(131, '前哨戰－走私對決', '131.jpg', 4, 10, 2, 10, 13, 500, 1, 3, '2022-10-19', 1, '傳說在百慕達三角洲一帶有一座神秘的島嶼，歷史至今為了前往島嶼的海盜、冒險家皆無一倖免，因此有著死亡島之稱。據說這個死亡島藏有許多珍貴的寶藏，還蘊含著不可思議的力量，唯有成功奪取寶藏並活著回來才能成為冒險王！', 2, '2022-12-12 07:35:00', '2022-12-12 07:35:00'),
(132, '布蘭古堡ＩＩ-鬼影', '132.jpg', 4, 10, 2, 4, 2, 400, 1, 1, '2022-10-19', 1, '崖邊那棟樓房，磚瓦整齊鱗列，\n偶爾閃耀波光水紋，\n當地人稱這奇異樓房為──鱗屋。\n朝鱗屋望去，\n彷彿有股力量牽動著你們隱密的心緒，\n深入探索，\n如何在重重迷霧間選擇出可行之路呢？', 2, '2022-12-12 07:35:00', '2022-12-12 07:35:00'),
(133, '那維亞之章', '133.jpg', 4, 10, 2, 11, 6, 500, 1, 2, '2022-10-19', 1, '三條獨立故事線?古老遺跡場景?空間大型機關\n\n你曾聽過那迪亞嗎？\n遙遠的古文明存在著三大種族，只有走進迷霧島，你才能揭開他們最核心的秘密?\n\n??萬物神殿 – 平衡宇宙秩序，躲避空間機關陷阱\n??元素之門 – 古老礦場冒險，操控元素穿透維度\n??亞人試煉 – 團結創造生機，手腳並用進化人類\n\n各種族均有專屬領地，以不同種族身分多次登陸，解鎖改變最終結局！', 2, '2022-12-12 07:35:00', '2022-12-12 07:35:00'),
(134, '羅莎初章', '134.jpg', 4, 10, 2, 1, 6, 400, 1, 2, '2022-10-19', 1, '逼真場景 ? 滿分機關 ? 感人劇情\n全台唯一，實車機關\n荒郊野嶺，拾階而上\n扣人心弦，驚心挑戰\n\n六大賣點??\n全新沈浸體驗設計，玩家推動劇情發展\n獨一無二大型機關\n專業配音 聲臨其境\n高標準美術團隊打造，超擬真場景\n絕美動畫視覺特效\n真人互動，挑戰你的腎上腺', 2, '2022-12-12 07:35:00', '2022-12-12 07:35:00'),
(135, '搜索令', '135.jpg', 4, 10, 2, 8, 9, 500, 1, 3, '2022-10-19', 1, '西域沙漠中\n突然出現了一座神秘的古墓\n陵墓的主人正是消失已久的樓蘭女王\n\n政府派出一支考古隊前往調查\n但他們卻離奇的失去了聯繫\n\n於是政府秘密派遣盜墓賊再次前往\n究竟，會在裡面發現什麼……？', 2, '2022-12-12 07:35:00', '2022-12-12 07:35:00'),
(136, '鎮龍脈', '136.jpg', 4, 10, 1, 2, 5, 500, 1, 2, '2022-10-19', 1, '『一場發生在行李箱中的奇幻冒險，世界上怎麼會有那麼大的行李箱啊？\n再不逃出去，就要被永遠困在這裡了！』\n\nLoGin偵探社最近收到了一封奇怪的委託信，\n一位著急的媽媽聲稱她失蹤的19歲兒子被邪惡的科學家綁架了。(這年代還有邪惡的科學家嗎…)\n但當偵探社聯繫她時，卻又堅決否認寄出過這封信，這個案子也就不了了之…\n\n但這位媽媽突然又聯繫了偵探社表示她已潛入科學家的研究所，\n希望我們能派出偵探協助她，但一時之間實在抽不出人手…\n你看起來挺聰明的，能幫個忙嗎？', 3, '2022-12-12 07:35:00', '2022-12-12 07:35:00'),
(137, '第九夜', '137.jpg', 4, 10, 2, 3, 6, 500, 1, 2, '2022-10-19', 1, '傳說在百慕達三角洲一帶有一座神秘的島嶼，歷史至今為了前往島嶼的海盜、冒險家皆無一倖免，因此有著死亡島之稱。據說這個死亡島藏有許多珍貴的寶藏，還蘊含著不可思議的力量，唯有成功奪取寶藏並活著回來才能成為冒險王！', 3, '2022-12-12 07:35:00', '2022-12-12 07:35:00'),
(138, '野獸之心', '138.jpg', 4, 10, 4, 4, 3, 500, 1, 3, '2022-10-19', 1, '崖邊那棟樓房，磚瓦整齊鱗列，\n偶爾閃耀波光水紋，\n當地人稱這奇異樓房為──鱗屋。\n朝鱗屋望去，\n彷彿有股力量牽動著你們隱密的心緒，\n深入探索，\n如何在重重迷霧間選擇出可行之路呢？', 3, '2022-12-12 07:35:00', '2022-12-12 07:35:00'),
(139, '奎蕾精神病院', '139.jpg', 4, 10, 1, 4, 8, 500, 1, 2, '2022-10-19', 1, '三條獨立故事線?古老遺跡場景?空間大型機關\n\n你曾聽過那迪亞嗎？\n遙遠的古文明存在著三大種族，只有走進迷霧島，你才能揭開他們最核心的秘密?\n\n??萬物神殿 – 平衡宇宙秩序，躲避空間機關陷阱\n??元素之門 – 古老礦場冒險，操控元素穿透維度\n??亞人試煉 – 團結創造生機，手腳並用進化人類\n\n各種族均有專屬領地，以不同種族身分多次登陸，解鎖改變最終結局！', 3, '2022-12-12 07:35:00', '2022-12-12 07:35:00'),
(140, '制裁者', '140.jpg', 6, 8, 2, 3, 5, 400, 3, 4, '2022-10-19', 1, '逼真場景 ? 滿分機關 ? 感人劇情\n全台唯一，實車機關\n荒郊野嶺，拾階而上\n扣人心弦，驚心挑戰\n\n六大賣點??\n全新沈浸體驗設計，玩家推動劇情發展\n獨一無二大型機關\n專業配音 聲臨其境\n高標準美術團隊打造，超擬真場景\n絕美動畫視覺特效\n真人互動，挑戰你的腎上腺', 3, '2022-12-12 07:35:00', '2022-12-12 07:35:00'),
(141, '解鑰', '141.jpg', 6, 8, 1, 11, 5, 300, 1, 1, '2022-10-19', 1, '西域沙漠中\n突然出現了一座神秘的古墓\n陵墓的主人正是消失已久的樓蘭女王\n\n政府派出一支考古隊前往調查\n但他們卻離奇的失去了聯繫\n\n於是政府秘密派遣盜墓賊再次前往\n究竟，會在裡面發現什麼……？', 11, '2022-12-12 07:36:00', '2022-12-12 07:36:00'),
(142, '嬰魂嚇水道', '142.jpg', 6, 8, 2, 2, 4, 500, 1, 4, '2022-10-19', 1, '『一場發生在行李箱中的奇幻冒險，世界上怎麼會有那麼大的行李箱啊？\n再不逃出去，就要被永遠困在這裡了！』\n\nLoGin偵探社最近收到了一封奇怪的委託信，\n一位著急的媽媽聲稱她失蹤的20歲兒子被邪惡的科學家綁架了。(這年代還有邪惡的科學家嗎…)\n但當偵探社聯繫她時，卻又堅決否認寄出過這封信，這個案子也就不了了之…\n\n但這位媽媽突然又聯繫了偵探社表示她已潛入科學家的研究所，\n希望我們能派出偵探協助她，但一時之間實在抽不出人手…\n你看起來挺聰明的，能幫個忙嗎？', 11, '2022-12-12 07:36:00', '2022-12-12 07:36:00'),
(143, '屍控邊緣', '143.jpg', 6, 8, 1, 9, 4, 350, 1, 1, '2022-10-19', 1, '傳說在百慕達三角洲一帶有一座神秘的島嶼，歷史至今為了前往島嶼的海盜、冒險家皆無一倖免，因此有著死亡島之稱。據說這個死亡島藏有許多珍貴的寶藏，還蘊含著不可思議的力量，唯有成功奪取寶藏並活著回來才能成為冒險王！', 11, '2022-12-12 07:36:00', '2022-12-12 07:36:00'),
(144, '被神遺棄的女孩', '144.jpg', 6, 8, 2, 8, 4, 400, 1, 2, '2022-10-19', 1, '崖邊那棟樓房，磚瓦整齊鱗列，\n偶爾閃耀波光水紋，\n當地人稱這奇異樓房為──鱗屋。\n朝鱗屋望去，\n彷彿有股力量牽動著你們隱密的心緒，\n深入探索，\n如何在重重迷霧間選擇出可行之路呢？', 11, '2022-12-12 07:36:00', '2022-12-12 07:36:00'),
(145, '逃出火箭隊R', '145.jpg', 6, 8, 2, 7, 5, 450, 1, 3, '2022-10-19', 1, '西域沙漠中\n突然出現了一座神秘的古墓\n陵墓的主人正是消失已久的樓蘭女王\n\n政府派出一支考古隊前往調查\n但他們卻離奇的失去了聯繫\n\n於是政府秘密派遣盜墓賊再次前往\n究竟，會在裡面發現什麼……？', 11, '2022-12-12 07:36:00', '2022-12-12 07:36:00'),
(146, '嚇水道', '146.jpg', 6, 8, 3, 8, 4, 400, 1, 2, '2023-04-08', 1, '『一場發生在行李箱中的奇幻冒險，世界上怎麼會有那麼大的行李箱啊？\n再不逃出去，就要被永遠困在這裡了！』\n\nLoGin偵探社最近收到了一封奇怪的委託信，\n一位著急的媽媽聲稱她失蹤的19歲兒子被邪惡的科學家綁架了。(這年代還有邪惡的科學家嗎…)\n但當偵探社聯繫她時，卻又堅決否認寄出過這封信，這個案子也就不了了之…\n\n但這位媽媽突然又聯繫了偵探社表示她已潛入科學家的研究所，\n希望我們能派出偵探協助她，但一時之間實在抽不出人手…\n你看起來挺聰明的，能幫個忙嗎？', 11, '2022-12-12 07:36:00', '2022-12-12 07:36:00'),
(147, '翻箱盜櫃-上鎖的靈感', '147.jpg', 6, 8, 2, 2, 4, 380, 1, 2, '2022-10-19', 1, '傳說在百慕達三角洲一帶有一座神秘的島嶼，歷史至今為了前往島嶼的海盜、冒險家皆無一倖免，因此有著死亡島之稱。據說這個死亡島藏有許多珍貴的寶藏，還蘊含著不可思議的力量，唯有成功奪取寶藏並活著回來才能成為冒險王！', 12, '2022-12-12 07:36:00', '2022-12-12 07:36:00'),
(148, '伊甸I-亞當覺醒', '148.jpg', 6, 8, 3, 6, 10, 600, 1, 4, '2022-10-19', 1, '崖邊那棟樓房，磚瓦整齊鱗列，\n偶爾閃耀波光水紋，\n當地人稱這奇異樓房為──鱗屋。\n朝鱗屋望去，\n彷彿有股力量牽動著你們隱密的心緒，\n深入探索，\n如何在重重迷霧間選擇出可行之路呢？', 12, '2022-12-12 07:36:00', '2022-12-12 07:36:00'),
(149, '霸王', '149.jpg', 6, 8, 2, 4, 6, 300, 1, 1, '2022-10-19', 1, '三條獨立故事線?古老遺跡場景?空間大型機關\n\n你曾聽過那迪亞嗎？\n遙遠的古文明存在著三大種族，只有走進迷霧島，你才能揭開他們最核心的秘密?\n\n??萬物神殿 – 平衡宇宙秩序，躲避空間機關陷阱\n??元素之門 – 古老礦場冒險，操控元素穿透維度\n??亞人試煉 – 團結創造生機，手腳並用進化人類\n\n各種族均有專屬領地，以不同種族身分多次登陸，解鎖改變最終結局！', 12, '2022-12-12 07:36:00', '2022-12-12 07:36:00'),
(150, '瞞天越獄', '150.jpg', 6, 8, 1, 11, 5, 500, 1, 3, '2022-10-19', 1, '逼真場景 ? 滿分機關 ? 感人劇情\n全台唯一，實車機關\n荒郊野嶺，拾階而上\n扣人心弦，驚心挑戰\n\n六大賣點??\n全新沈浸體驗設計，玩家推動劇情發展\n獨一無二大型機關\n專業配音 聲臨其境\n高標準美術團隊打造，超擬真場景\n絕美動畫視覺特效\n真人互動，挑戰你的腎上腺', 12, '2022-12-12 07:36:00', '2022-12-12 07:36:00'),
(151, '奪命鎖鏈1', '151.jpg', 6, 8, 1, 11, 6, 400, 1, 2, '2022-10-19', 1, '西域沙漠中\n突然出現了一座神秘的古墓\n陵墓的主人正是消失已久的樓蘭女王\n\n政府派出一支考古隊前往調查\n但他們卻離奇的失去了聯繫\n\n於是政府秘密派遣盜墓賊再次前往\n究竟，會在裡面發現什麼……？', 13, '2022-12-12 07:36:00', '2022-12-12 07:36:00'),
(152, '聊齋奇遇', '152.jpg', 6, 8, 1, 2, 4, 330, 1, 1, '2022-10-19', 1, '『一場發生在行李箱中的奇幻冒險，世界上怎麼會有那麼大的行李箱啊？\n再不逃出去，就要被永遠困在這裡了！』\n\nLoGin偵探社最近收到了一封奇怪的委託信，\n一位著急的媽媽聲稱她失蹤的20歲兒子被邪惡的科學家綁架了。(這年代還有邪惡的科學家嗎…)\n但當偵探社聯繫她時，卻又堅決否認寄出過這封信，這個案子也就不了了之…\n\n但這位媽媽突然又聯繫了偵探社表示她已潛入科學家的研究所，\n希望我們能派出偵探協助她，但一時之間實在抽不出人手…\n你看起來挺聰明的，能幫個忙嗎？', 13, '2022-12-12 07:36:00', '2022-12-12 07:36:00'),
(153, '陰緣', '153.jpg', 6, 8, 2, 8, 4, 600, 1, 2, '2022-10-19', 1, '傳說在百慕達三角洲一帶有一座神秘的島嶼，歷史至今為了前往島嶼的海盜、冒險家皆無一倖免，因此有著死亡島之稱。據說這個死亡島藏有許多珍貴的寶藏，還蘊含著不可思議的力量，唯有成功奪取寶藏並活著回來才能成為冒險王！', 13, '2022-12-12 07:36:00', '2022-12-12 07:36:00'),
(154, '符藝思盒', '154.jpg', 6, 8, 1, 7, 5, 400, 1, 2, '2023-04-08', 1, '崖邊那棟樓房，磚瓦整齊鱗列，\n偶爾閃耀波光水紋，\n當地人稱這奇異樓房為──鱗屋。\n朝鱗屋望去，\n彷彿有股力量牽動著你們隱密的心緒，\n深入探索，\n如何在重重迷霧間選擇出可行之路呢？', 13, '2022-12-12 07:36:00', '2022-12-12 07:36:00'),
(155, '淡水-1884', '155.jpg', 6, 8, 4, 11, 6, 210, 3, 3, '2022-10-19', 1, '三條獨立故事線?古老遺跡場景?空間大型機關\n\n你曾聽過那迪亞嗎？\n遙遠的古文明存在著三大種族，只有走進迷霧島，你才能揭開他們最核心的秘密?\n\n??萬物神殿 – 平衡宇宙秩序，躲避空間機關陷阱\n??元素之門 – 古老礦場冒險，操控元素穿透維度\n??亞人試煉 – 團結創造生機，手腳並用進化人類\n\n各種族均有專屬領地，以不同種族身分多次登陸，解鎖改變最終結局！', 13, '2022-12-12 07:36:00', '2022-12-12 07:36:00'),
(156, '伯爵X的委託', '156.jpg', 6, 8, 1, 1, 3, 290, 2, 3, '2022-10-19', 1, '逼真場景 ? 滿分機關 ? 感人劇情\n全台唯一，實車機關\n荒郊野嶺，拾階而上\n扣人心弦，驚心挑戰\n\n六大賣點??\n全新沈浸體驗設計，玩家推動劇情發展\n獨一無二大型機關\n專業配音 聲臨其境\n高標準美術團隊打造，超擬真場景\n絕美動畫視覺特效\n真人互動，挑戰你的腎上腺', 15, '2022-12-12 07:36:00', '2022-12-12 07:36:00'),
(157, '失落的隕石神殿', '157.jpg', 6, 8, 2, 2, 6, 280, 1, 1, '2022-10-19', 1, '西域沙漠中\n突然出現了一座神秘的古墓\n陵墓的主人正是消失已久的樓蘭女王\n\n政府派出一支考古隊前往調查\n但他們卻離奇的失去了聯繫\n\n於是政府秘密派遣盜墓賊再次前往\n究竟，會在裡面發現什麼……？', 15, '2022-12-12 07:36:00', '2022-12-12 07:36:00'),
(158, '小偷培訓班', '158.jpg', 6, 8, 2, 4, 7, 650, 1, 4, '2022-10-19', 1, '『一場發生在行李箱中的奇幻冒險，世界上怎麼會有那麼大的行李箱啊？\n再不逃出去，就要被永遠困在這裡了！』\n\nLoGin偵探社最近收到了一封奇怪的委託信，\n一位著急的媽媽聲稱她失蹤的21歲兒子被邪惡的科學家綁架了。(這年代還有邪惡的科學家嗎…)\n但當偵探社聯繫她時，卻又堅決否認寄出過這封信，這個案子也就不了了之…\n\n但這位媽媽突然又聯繫了偵探社表示她已潛入科學家的研究所，\n希望我們能派出偵探協助她，但一時之間實在抽不出人手…\n你看起來挺聰明的，能幫個忙嗎？', 15, '2022-12-12 07:36:00', '2022-12-12 07:36:00'),
(159, '娃娃', '159.jpg', 6, 8, 1, 8, 4, 400, 1, 2, '2022-10-19', 1, '傳說在百慕達三角洲一帶有一座神秘的島嶼，歷史至今為了前往島嶼的海盜、冒險家皆無一倖免，因此有著死亡島之稱。據說這個死亡島藏有許多珍貴的寶藏，還蘊含著不可思議的力量，唯有成功奪取寶藏並活著回來才能成為冒險王！', 15, '2022-12-12 07:36:00', '2022-12-12 07:36:00'),
(160, '龍劫', '160.jpg', 6, 8, 2, 7, 6, 475, 1, 3, '2022-10-19', 1, '崖邊那棟樓房，磚瓦整齊鱗列，\n偶爾閃耀波光水紋，\n當地人稱這奇異樓房為──鱗屋。\n朝鱗屋望去，\n彷彿有股力量牽動著你們隱密的心緒，\n深入探索，\n如何在重重迷霧間選擇出可行之路呢？', 15, '2022-12-12 07:36:00', '2022-12-12 07:36:00'),
(161, '賭婪?', '161.jpg', 6, 8, 1, 7, 11, 600, 1, 4, '2022-10-19', 1, '西域沙漠中\n突然出現了一座神秘的古墓\n陵墓的主人正是消失已久的樓蘭女王\n\n政府派出一支考古隊前往調查\n但他們卻離奇的失去了聯繫\n\n於是政府秘密派遣盜墓賊再次前往\n究竟，會在裡面發現什麼……？', 27, '2022-12-12 07:36:00', '2022-12-12 07:36:00'),
(162, '邪咒曲', '162.jpg', 6, 8, 3, 8, 4, 300, 1, 1, '2022-10-19', 1, '『一場發生在行李箱中的奇幻冒險，世界上怎麼會有那麼大的行李箱啊？\n再不逃出去，就要被永遠困在這裡了！』\n\nLoGin偵探社最近收到了一封奇怪的委託信，\n一位著急的媽媽聲稱她失蹤的20歲兒子被邪惡的科學家綁架了。(這年代還有邪惡的科學家嗎…)\n但當偵探社聯繫她時，卻又堅決否認寄出過這封信，這個案子也就不了了之…\n\n但這位媽媽突然又聯繫了偵探社表示她已潛入科學家的研究所，\n希望我們能派出偵探協助她，但一時之間實在抽不出人手…\n你看起來挺聰明的，能幫個忙嗎？', 27, '2022-12-12 07:36:00', '2022-12-12 07:36:00'),
(163, '囑', '163.jpg', 6, 8, 1, 4, 8, 550, 1, 3, '2022-10-19', 1, '傳說在百慕達三角洲一帶有一座神秘的島嶼，歷史至今為了前往島嶼的海盜、冒險家皆無一倖免，因此有著死亡島之稱。據說這個死亡島藏有許多珍貴的寶藏，還蘊含著不可思議的力量，唯有成功奪取寶藏並活著回來才能成為冒險王！', 27, '2022-12-12 07:36:00', '2022-12-12 07:36:00'),
(164, '玩具驚魂夜', '164.jpg', 6, 8, 2, 7, 11, 400, 1, 2, '2022-10-19', 1, '崖邊那棟樓房，磚瓦整齊鱗列，\n偶爾閃耀波光水紋，\n當地人稱這奇異樓房為──鱗屋。\n朝鱗屋望去，\n彷彿有股力量牽動著你們隱密的心緒，\n深入探索，\n如何在重重迷霧間選擇出可行之路呢？', 27, '2022-12-12 07:36:00', '2022-12-12 07:36:00'),
(165, '尋夢少女', '165.jpg', 6, 8, 1, 2, 11, 500, 1, 3, '2022-10-19', 1, '三條獨立故事線?古老遺跡場景?空間大型機關\n\n你曾聽過那迪亞嗎？\n遙遠的古文明存在著三大種族，只有走進迷霧島，你才能揭開他們最核心的秘密?\n\n??萬物神殿 – 平衡宇宙秩序，躲避空間機關陷阱\n??元素之門 – 古老礦場冒險，操控元素穿透維度\n??亞人試煉 – 團結創造生機，手腳並用進化人類\n\n各種族均有專屬領地，以不同種族身分多次登陸，解鎖改變最終結局！', 14, '2022-12-12 07:36:00', '2022-12-12 07:36:00'),
(166, '囚生', 'undefined', 6, 8, 1, 11, 6, 450, 1, 2, '2022-10-19', 0, '逼真場景 ? 滿分機關 ? 感人劇情\n全台唯一，實車機關\n荒郊野嶺，拾階而上\n扣人心弦，驚心挑戰\n\n六大賣點??\n全新沈浸體驗設計，玩家推動劇情發展\n獨一無二大型機關\n專業配音 聲臨其境\n高標準美術團隊打造，超擬真場景\n絕美動畫視覺特效\n真人互動，挑戰你的腎上腺', 14, '2022-12-12 07:36:00', '2023-03-12 13:10:33'),
(167, '歸宿', '167.jpg', 6, 8, 1, 3, 2, 550, 1, 4, '2022-10-19', 1, '西域沙漠中\n突然出現了一座神秘的古墓\n陵墓的主人正是消失已久的樓蘭女王\n\n政府派出一支考古隊前往調查\n但他們卻離奇的失去了聯繫\n\n於是政府秘密派遣盜墓賊再次前往\n究竟，會在裡面發現什麼……？', 14, '2022-12-12 07:36:00', '2022-12-12 07:36:00'),
(168, '陷阱舞台', '168.jpg', 6, 8, 5, 11, 5, 200, 1, 1, '2022-10-19', 1, '『一場發生在行李箱中的奇幻冒險，世界上怎麼會有那麼大的行李箱啊？\n再不逃出去，就要被永遠困在這裡了！』\n\nLoGin偵探社最近收到了一封奇怪的委託信，\n一位著急的媽媽聲稱她失蹤的21歲兒子被邪惡的科學家綁架了。(這年代還有邪惡的科學家嗎…)\n但當偵探社聯繫她時，卻又堅決否認寄出過這封信，這個案子也就不了了之…\n\n但這位媽媽突然又聯繫了偵探社表示她已潛入科學家的研究所，\n希望我們能派出偵探協助她，但一時之間實在抽不出人手…\n你看起來挺聰明的，能幫個忙嗎？', 14, '2022-12-12 07:36:00', '2022-12-12 07:36:00'),
(169, '莎士比亞的邀請', '169.jpg', 6, 8, 1, 3, 4, 450, 1, 3, '2023-04-08', 1, '傳說在百慕達三角洲一帶有一座神秘的島嶼，歷史至今為了前往島嶼的海盜、冒險家皆無一倖免，因此有著死亡島之稱。據說這個死亡島藏有許多珍貴的寶藏，還蘊含著不可思議的力量，唯有成功奪取寶藏並活著回來才能成為冒險王！', 14, '2022-12-12 07:36:00', '2022-12-12 07:36:00'),
(170, '夜蒐樓靜', '170.jpg', 6, 10, 1, 4, 1, 500, 2, 4, '2022-10-19', 1, '崖邊那棟樓房，磚瓦整齊鱗列，\n偶爾閃耀波光水紋，\n當地人稱這奇異樓房為──鱗屋。\n朝鱗屋望去，\n彷彿有股力量牽動著你們隱密的心緒，\n深入探索，\n如何在重重迷霧間選擇出可行之路呢？', 18, '2022-12-12 07:36:00', '2022-12-12 07:36:00'),
(171, '深夜拉麵舖', '171.jpg', 6, 10, 1, 7, 4, 450, 1, 2, '2022-10-19', 1, '三條獨立故事線?古老遺跡場景?空間大型機關\n\n你曾聽過那迪亞嗎？\n遙遠的古文明存在著三大種族，只有走進迷霧島，你才能揭開他們最核心的秘密?\n\n??萬物神殿 – 平衡宇宙秩序，躲避空間機關陷阱\n??元素之門 – 古老礦場冒險，操控元素穿透維度\n??亞人試煉 – 團結創造生機，手腳並用進化人類\n\n各種族均有專屬領地，以不同種族身分多次登陸，解鎖改變最終結局！', 18, '2022-12-12 07:36:00', '2022-12-12 07:36:00'),
(172, '超机大冒險', '172.jpg', 6, 10, 3, 7, 5, 500, 1, 3, '2022-10-19', 1, '逼真場景 ? 滿分機關 ? 感人劇情\n全台唯一，實車機關\n荒郊野嶺，拾階而上\n扣人心弦，驚心挑戰\n\n六大賣點??\n全新沈浸體驗設計，玩家推動劇情發展\n獨一無二大型機關\n專業配音 聲臨其境\n高標準美術團隊打造，超擬真場景\n絕美動畫視覺特效\n真人互動，挑戰你的腎上腺', 18, '2022-12-12 07:36:00', '2022-12-12 07:36:00'),
(173, '稻荷之歌', '173.jpg', 6, 10, 1, 4, 7, 250, 1, 1, '2022-10-19', 1, '西域沙漠中\n突然出現了一座神秘的古墓\n陵墓的主人正是消失已久的樓蘭女王\n\n政府派出一支考古隊前往調查\n但他們卻離奇的失去了聯繫\n\n於是政府秘密派遣盜墓賊再次前往\n究竟，會在裡面發現什麼……？', 18, '2022-12-12 07:36:00', '2022-12-12 07:36:00'),
(174, '山中小屋', '174.jpg', 6, 10, 2, 1, 3, 400, 1, 2, '2022-10-19', 1, '『一場發生在行李箱中的奇幻冒險，世界上怎麼會有那麼大的行李箱啊？\n再不逃出去，就要被永遠困在這裡了！』\n\nLoGin偵探社最近收到了一封奇怪的委託信，\n一位著急的媽媽聲稱她失蹤的22歲兒子被邪惡的科學家綁架了。(這年代還有邪惡的科學家嗎…)\n但當偵探社聯繫她時，卻又堅決否認寄出過這封信，這個案子也就不了了之…\n\n但這位媽媽突然又聯繫了偵探社表示她已潛入科學家的研究所，\n希望我們能派出偵探協助她，但一時之間實在抽不出人手…\n你看起來挺聰明的，能幫個忙嗎？', 18, '2022-12-12 07:36:00', '2022-12-12 07:36:00'),
(175, '水獄逃脫', '175.jpg', 6, 10, 2, 2, 7, 550, 1, 3, '2022-10-19', 1, '傳說在百慕達三角洲一帶有一座神秘的島嶼，歷史至今為了前往島嶼的海盜、冒險家皆無一倖免，因此有著死亡島之稱。據說這個死亡島藏有許多珍貴的寶藏，還蘊含著不可思議的力量，唯有成功奪取寶藏並活著回來才能成為冒險王！', 18, '2022-12-12 07:36:00', '2022-12-12 07:36:00'),
(176, '尋貓啟事', '176.jpg', 6, 10, 1, 7, 5, 350, 1, 2, '2022-10-19', 1, '崖邊那棟樓房，磚瓦整齊鱗列，\n偶爾閃耀波光水紋，\n當地人稱這奇異樓房為──鱗屋。\n朝鱗屋望去，\n彷彿有股力量牽動著你們隱密的心緒，\n深入探索，\n如何在重重迷霧間選擇出可行之路呢？', 24, '2022-12-12 07:36:00', '2022-12-12 07:36:00'),
(177, '迷屍森林', '177.jpg', 6, 10, 3, 8, 3, 400, 1, 3, '2022-10-19', 1, '西域沙漠中\n突然出現了一座神秘的古墓\n陵墓的主人正是消失已久的樓蘭女王\n\n政府派出一支考古隊前往調查\n但他們卻離奇的失去了聯繫\n\n於是政府秘密派遣盜墓賊再次前往\n究竟，會在裡面發現什麼……？', 24, '2022-12-12 07:36:00', '2022-12-12 07:36:00'),
(178, '花見小路', '178.jpg', 6, 10, 1, 4, 7, 450, 1, 3, '2023-04-08', 1, '『一場發生在行李箱中的奇幻冒險，世界上怎麼會有那麼大的行李箱啊？\n再不逃出去，就要被永遠困在這裡了！』\n\nLoGin偵探社最近收到了一封奇怪的委託信，\n一位著急的媽媽聲稱她失蹤的21歲兒子被邪惡的科學家綁架了。(這年代還有邪惡的科學家嗎…)\n但當偵探社聯繫她時，卻又堅決否認寄出過這封信，這個案子也就不了了之…\n\n但這位媽媽突然又聯繫了偵探社表示她已潛入科學家的研究所，\n希望我們能派出偵探協助她，但一時之間實在抽不出人手…\n你看起來挺聰明的，能幫個忙嗎？', 24, '2022-12-12 07:36:00', '2022-12-12 07:36:00'),
(179, '浮士德家的後院', '179.jpg', 6, 10, 2, 2, 4, 290, 1, 1, '2023-04-08', 1, '傳說在百慕達三角洲一帶有一座神秘的島嶼，歷史至今為了前往島嶼的海盜、冒險家皆無一倖免，因此有著死亡島之稱。據說這個死亡島藏有許多珍貴的寶藏，還蘊含著不可思議的力量，唯有成功奪取寶藏並活著回來才能成為冒險王！', 24, '2022-12-12 07:36:00', '2022-12-12 07:36:00'),
(180, '捷運踩地雷', '180.jpg', 6, 10, 2, 6, 11, 230, 3, 1, '2022-10-19', 1, '崖邊那棟樓房，磚瓦整齊鱗列，\n偶爾閃耀波光水紋，\n當地人稱這奇異樓房為──鱗屋。\n朝鱗屋望去，\n彷彿有股力量牽動著你們隱密的心緒，\n深入探索，\n如何在重重迷霧間選擇出可行之路呢？', 24, '2022-12-12 07:36:00', '2022-12-12 07:36:00'),
(181, '你是誰是你', '181.jpg', 6, 10, 1, 3, 2, 670, 1, 4, '2022-10-19', 1, '三條獨立故事線?古老遺跡場景?空間大型機關\n\n你曾聽過那迪亞嗎？\n遙遠的古文明存在著三大種族，只有走進迷霧島，你才能揭開他們最核心的秘密?\n\n??萬物神殿 – 平衡宇宙秩序，躲避空間機關陷阱\n??元素之門 – 古老礦場冒險，操控元素穿透維度\n??亞人試煉 – 團結創造生機，手腳並用進化人類\n\n各種族均有專屬領地，以不同種族身分多次登陸，解鎖改變最終結局！', 24, '2022-12-12 07:36:00', '2022-12-12 07:36:00'),
(182, '暗巷-束縛', '182.jpg', 6, 10, 2, 4, 8, 280, 1, 1, '2022-10-19', 1, '逼真場景 ? 滿分機關 ? 感人劇情\n全台唯一，實車機關\n荒郊野嶺，拾階而上\n扣人心弦，驚心挑戰\n\n六大賣點??\n全新沈浸體驗設計，玩家推動劇情發展\n獨一無二大型機關\n專業配音 聲臨其境\n高標準美術團隊打造，超擬真場景\n絕美動畫視覺特效\n真人互動，挑戰你的腎上腺', 29, '2022-12-12 07:36:00', '2022-12-12 07:36:00'),
(183, '枯愛', '183.jpg', 6, 10, 2, 2, 4, 400, 1, 2, '2022-10-19', 1, '西域沙漠中\n突然出現了一座神秘的古墓\n陵墓的主人正是消失已久的樓蘭女王\n\n政府派出一支考古隊前往調查\n但他們卻離奇的失去了聯繫\n\n於是政府秘密派遣盜墓賊再次前往\n究竟，會在裡面發現什麼……？', 29, '2022-12-12 07:36:00', '2022-12-12 07:36:00'),
(184, '妖怪星球', '184.jpg', 6, 10, 4, 7, 5, 450, 1, 3, '2022-10-19', 1, '『一場發生在行李箱中的奇幻冒險，世界上怎麼會有那麼大的行李箱啊？\n再不逃出去，就要被永遠困在這裡了！』\n\nLoGin偵探社最近收到了一封奇怪的委託信，\n一位著急的媽媽聲稱她失蹤的22歲兒子被邪惡的科學家綁架了。(這年代還有邪惡的科學家嗎…)\n但當偵探社聯繫她時，卻又堅決否認寄出過這封信，這個案子也就不了了之…\n\n但這位媽媽突然又聯繫了偵探社表示她已潛入科學家的研究所，\n希望我們能派出偵探協助她，但一時之間實在抽不出人手…\n你看起來挺聰明的，能幫個忙嗎？', 29, '2022-12-12 07:36:00', '2022-12-12 07:36:00'),
(185, '獄罷不能', '185.jpg', 6, 10, 1, 2, 4, 450, 1, 4, '2022-10-19', 1, '傳說在百慕達三角洲一帶有一座神秘的島嶼，歷史至今為了前往島嶼的海盜、冒險家皆無一倖免，因此有著死亡島之稱。據說這個死亡島藏有許多珍貴的寶藏，還蘊含著不可思議的力量，唯有成功奪取寶藏並活著回來才能成為冒險王！', 29, '2022-12-12 07:36:00', '2022-12-12 07:36:00'),
(186, '荒島求生', '186.jpg', 6, 10, 3, 6, 11, 400, 1, 3, '2023-04-08', 1, '崖邊那棟樓房，磚瓦整齊鱗列，\n偶爾閃耀波光水紋，\n當地人稱這奇異樓房為──鱗屋。\n朝鱗屋望去，\n彷彿有股力量牽動著你們隱密的心緒，\n深入探索，\n如何在重重迷霧間選擇出可行之路呢？', 29, '2022-12-12 07:36:00', '2022-12-12 07:36:00'),
(187, '感染', '187.jpg', 6, 10, 1, 11, 4, 250, 1, 2, '2022-10-19', 1, '三條獨立故事線?古老遺跡場景?空間大型機關\n\n你曾聽過那迪亞嗎？\n遙遠的古文明存在著三大種族，只有走進迷霧島，你才能揭開他們最核心的秘密?\n\n??萬物神殿 – 平衡宇宙秩序，躲避空間機關陷阱\n??元素之門 – 古老礦場冒險，操控元素穿透維度\n??亞人試煉 – 團結創造生機，手腳並用進化人類\n\n各種族均有專屬領地，以不同種族身分多次登陸，解鎖改變最終結局！', 30, '2022-12-12 07:36:00', '2022-12-12 07:36:00'),
(188, '異形覆沒', '188.jpg', 6, 10, 1, 5, 11, 600, 1, 3, '2022-10-19', 1, '逼真場景 ? 滿分機關 ? 感人劇情\n全台唯一，實車機關\n荒郊野嶺，拾階而上\n扣人心弦，驚心挑戰\n\n六大賣點??\n全新沈浸體驗設計，玩家推動劇情發展\n獨一無二大型機關\n專業配音 聲臨其境\n高標準美術團隊打造，超擬真場景\n絕美動畫視覺特效\n真人互動，挑戰你的腎上腺', 30, '2022-12-12 07:36:00', '2022-12-12 07:36:00'),
(189, '不完美求婚', '189.jpg', 6, 10, 2, 3, 7, 250, 1, 1, '2022-10-19', 1, '西域沙漠中\n突然出現了一座神秘的古墓\n陵墓的主人正是消失已久的樓蘭女王\n\n政府派出一支考古隊前往調查\n但他們卻離奇的失去了聯繫\n\n於是政府秘密派遣盜墓賊再次前往\n究竟，會在裡面發現什麼……？', 30, '2022-12-12 07:36:00', '2022-12-12 07:36:00');
INSERT INTO `games` (`gamesSid`, `gamesName`, `gamesImages`, `gamesPeopleMin`, `gamesPeopleMax`, `gamesDifficulty`, `gamesFeature01`, `gamesFeature02`, `gamesPrice`, `gamesSort`, `gamesTime`, `gamesOpen`, `gamesColse`, `gamesContent`, `storeSid`, `create_at`, `up_date`) VALUES
(190, '嗜血病院', '190.jpg', 6, 12, 2, 11, 4, 250, 1, 1, '2023-04-08', 1, '『一場發生在行李箱中的奇幻冒險，世界上怎麼會有那麼大的行李箱啊？\n再不逃出去，就要被永遠困在這裡了！』\n\nLoGin偵探社最近收到了一封奇怪的委託信，\n一位著急的媽媽聲稱她失蹤的23歲兒子被邪惡的科學家綁架了。(這年代還有邪惡的科學家嗎…)\n但當偵探社聯繫她時，卻又堅決否認寄出過這封信，這個案子也就不了了之…\n\n但這位媽媽突然又聯繫了偵探社表示她已潛入科學家的研究所，\n希望我們能派出偵探協助她，但一時之間實在抽不出人手…\n你看起來挺聰明的，能幫個忙嗎？', 30, '2022-12-12 07:36:00', '2022-12-12 07:36:00'),
(191, '格雷香水', '191.jpg', 6, 12, 2, 4, 10, 500, 1, 4, '2022-10-19', 1, '傳說在百慕達三角洲一帶有一座神秘的島嶼，歷史至今為了前往島嶼的海盜、冒險家皆無一倖免，因此有著死亡島之稱。據說這個死亡島藏有許多珍貴的寶藏，還蘊含著不可思議的力量，唯有成功奪取寶藏並活著回來才能成為冒險王！', 34, '2022-12-12 07:36:00', '2022-12-12 07:36:00'),
(192, '獄謀', '192.jpg', 6, 12, 2, 11, 6, 380, 1, 2, '2022-10-19', 1, '崖邊那棟樓房，磚瓦整齊鱗列，\n偶爾閃耀波光水紋，\n當地人稱這奇異樓房為──鱗屋。\n朝鱗屋望去，\n彷彿有股力量牽動著你們隱密的心緒，\n深入探索，\n如何在重重迷霧間選擇出可行之路呢？', 34, '2022-12-12 07:36:00', '2022-12-12 07:36:00'),
(193, '串城流浪記', '193.jpg', 6, 12, 2, 6, 11, 210, 3, 3, '2022-10-19', 1, '西域沙漠中\n突然出現了一座神秘的古墓\n陵墓的主人正是消失已久的樓蘭女王\n\n政府派出一支考古隊前往調查\n但他們卻離奇的失去了聯繫\n\n於是政府秘密派遣盜墓賊再次前往\n究竟，會在裡面發現什麼……？', 34, '2022-12-12 07:36:00', '2022-12-12 07:36:00'),
(194, '封鎖', '194.jpg', 6, 12, 3, 4, 1, 350, 2, 3, '2022-10-19', 1, '『一場發生在行李箱中的奇幻冒險，世界上怎麼會有那麼大的行李箱啊？\n再不逃出去，就要被永遠困在這裡了！』\n\nLoGin偵探社最近收到了一封奇怪的委託信，\n一位著急的媽媽聲稱她失蹤的22歲兒子被邪惡的科學家綁架了。(這年代還有邪惡的科學家嗎…)\n但當偵探社聯繫她時，卻又堅決否認寄出過這封信，這個案子也就不了了之…\n\n但這位媽媽突然又聯繫了偵探社表示她已潛入科學家的研究所，\n希望我們能派出偵探協助她，但一時之間實在抽不出人手…\n你看起來挺聰明的，能幫個忙嗎？', 34, '2022-12-12 07:36:00', '2022-12-12 07:36:00'),
(195, '弗瑞克樂園', '195.jpg', 6, 12, 2, 2, 9, 300, 1, 1, '2022-10-19', 1, '傳說在百慕達三角洲一帶有一座神秘的島嶼，歷史至今為了前往島嶼的海盜、冒險家皆無一倖免，因此有著死亡島之稱。據說這個死亡島藏有許多珍貴的寶藏，還蘊含著不可思議的力量，唯有成功奪取寶藏並活著回來才能成為冒險王！', 34, '2022-12-12 07:36:00', '2022-12-12 07:36:00'),
(196, '竹本家', '196.jpg', 6, 12, 1, 4, 5, 400, 1, 1, '2022-10-19', 1, '崖邊那棟樓房，磚瓦整齊鱗列，\n偶爾閃耀波光水紋，\n當地人稱這奇異樓房為──鱗屋。\n朝鱗屋望去，\n彷彿有股力量牽動著你們隱密的心緒，\n深入探索，\n如何在重重迷霧間選擇出可行之路呢？', 38, '2022-12-12 07:36:00', '2022-12-12 07:36:00'),
(197, '靈居', '197.jpg', 6, 12, 5, 4, 8, 500, 1, 2, '2022-10-19', 1, '三條獨立故事線?古老遺跡場景?空間大型機關\n\n你曾聽過那迪亞嗎？\n遙遠的古文明存在著三大種族，只有走進迷霧島，你才能揭開他們最核心的秘密?\n\n??萬物神殿 – 平衡宇宙秩序，躲避空間機關陷阱\n??元素之門 – 古老礦場冒險，操控元素穿透維度\n??亞人試煉 – 團結創造生機，手腳並用進化人類\n\n各種族均有專屬領地，以不同種族身分多次登陸，解鎖改變最終結局！', 38, '2022-12-12 07:36:00', '2022-12-12 07:36:00'),
(198, '伽斯底里奧內', '198.jpg', 6, 12, 1, 2, 6, 500, 1, 3, '2022-10-19', 1, '逼真場景 ? 滿分機關 ? 感人劇情\n全台唯一，實車機關\n荒郊野嶺，拾階而上\n扣人心弦，驚心挑戰\n\n六大賣點??\n全新沈浸體驗設計，玩家推動劇情發展\n獨一無二大型機關\n專業配音 聲臨其境\n高標準美術團隊打造，超擬真場景\n絕美動畫視覺特效\n真人互動，挑戰你的腎上腺', 38, '2022-12-12 07:36:00', '2022-12-12 07:36:00'),
(199, '荒村小學', '199.jpg', 6, 12, 1, 8, 4, 550, 1, 4, '2022-10-19', 1, '西域沙漠中\n突然出現了一座神秘的古墓\n陵墓的主人正是消失已久的樓蘭女王\n\n政府派出一支考古隊前往調查\n但他們卻離奇的失去了聯繫\n\n於是政府秘密派遣盜墓賊再次前往\n究竟，會在裡面發現什麼……？', 38, '2022-12-12 07:36:00', '2022-12-12 07:36:00'),
(200, '賊', '200.jpg', 6, 12, 1, 4, 11, 400, 2, 4, '2022-10-19', 1, '『一場發生在行李箱中的奇幻冒險，世界上怎麼會有那麼大的行李箱啊？\n再不逃出去，就要被永遠困在這裡了！』\n\nLoGin偵探社最近收到了一封奇怪的委託信，\n一位著急的媽媽聲稱她失蹤的23歲兒子被邪惡的科學家綁架了。(這年代還有邪惡的科學家嗎…)\n但當偵探社聯繫她時，卻又堅決否認寄出過這封信，這個案子也就不了了之…\n\n但這位媽媽突然又聯繫了偵探社表示她已潛入科學家的研究所，\n希望我們能派出偵探協助她，但一時之間實在抽不出人手…\n你看起來挺聰明的，能幫個忙嗎？', 38, '2022-12-12 07:36:00', '2022-12-12 07:36:00'),
(221, '我是誰', '57945319-7e12-4db8-bd30-3c5b4b9fd7a7.jpg', 1, 4, 5, 1, 2, 500, 1, 3, '2023-03-12', 1, '123', 57, '2023-03-12 19:18:44', '2023-03-12 19:35:51');

-- --------------------------------------------------------

--
-- 資料表結構 `gamesdifficulty`
--

CREATE TABLE `gamesdifficulty` (
  `gamesDifficultySid` int(11) NOT NULL,
  `difficulty` varchar(255) NOT NULL
) ENGINE=InnoDB DEFAULT CHARSET=utf8mb4 COLLATE=utf8mb4_general_ci;

--
-- 傾印資料表的資料 `gamesdifficulty`
--

INSERT INTO `gamesdifficulty` (`gamesDifficultySid`, `difficulty`) VALUES
(1, '入門'),
(2, '簡單'),
(3, '普通'),
(4, '困難'),
(5, '挑戰');

-- --------------------------------------------------------

--
-- 資料表結構 `gamesfeature01`
--

CREATE TABLE `gamesfeature01` (
  `gamesFeatureSid` int(11) NOT NULL,
  `feature01` varchar(255) NOT NULL
) ENGINE=InnoDB DEFAULT CHARSET=utf8mb4 COLLATE=utf8mb4_general_ci;

--
-- 傾印資料表的資料 `gamesfeature01`
--

INSERT INTO `gamesfeature01` (`gamesFeatureSid`, `feature01`) VALUES
(1, '偵探推理'),
(2, '機關重重'),
(3, '劇情厲害'),
(4, '場景逼真'),
(5, '互動操作'),
(6, '謎題邏輯'),
(7, '輕鬆歡樂'),
(8, '恐怖驚悚'),
(9, '緊張刺激'),
(10, '勾心鬥角'),
(11, '團隊合作'),
(12, '親子同遊'),
(13, '玩法特別'),
(14, '角色扮演');

-- --------------------------------------------------------

--
-- 資料表結構 `gamesfeature02`
--

CREATE TABLE `gamesfeature02` (
  `gamesFeatureSid` int(11) NOT NULL,
  `feature02` varchar(255) NOT NULL
) ENGINE=InnoDB DEFAULT CHARSET=utf8mb4 COLLATE=utf8mb4_general_ci;

--
-- 傾印資料表的資料 `gamesfeature02`
--

INSERT INTO `gamesfeature02` (`gamesFeatureSid`, `feature02`) VALUES
(1, '偵探推理'),
(2, '機關重重'),
(3, '劇情厲害'),
(4, '場景逼真'),
(5, '互動操作'),
(6, '謎題邏輯'),
(7, '輕鬆歡樂'),
(8, '恐怖驚悚'),
(9, '緊張刺激'),
(10, '勾心鬥角'),
(11, '團隊合作'),
(12, '親子同遊'),
(13, '玩法特別'),
(14, '角色扮演');

-- --------------------------------------------------------

--
-- 資料表結構 `gamespeople`
--

CREATE TABLE `gamespeople` (
  `gamesPeopleSid` int(11) NOT NULL,
  `People` varchar(255) NOT NULL
) ENGINE=InnoDB DEFAULT CHARSET=utf8mb4 COLLATE=utf8mb4_general_ci;

--
-- 傾印資料表的資料 `gamespeople`
--

INSERT INTO `gamespeople` (`gamesPeopleSid`, `People`) VALUES
(1, '不限\r\n'),
(2, '2人\r\n'),
(3, '3人\r\n'),
(4, '4人\r\n'),
(5, '5人\r\n'),
(6, '6人'),
(7, '7人\r\n'),
(8, '8人\r\n'),
(9, '9人\r\n'),
(10, '含10人以上\r\n');

-- --------------------------------------------------------

--
-- 資料表結構 `gamesprice`
--

CREATE TABLE `gamesprice` (
  `gamesPriceSid` int(11) NOT NULL,
  `price` varchar(255) NOT NULL
) ENGINE=InnoDB DEFAULT CHARSET=utf8mb4 COLLATE=utf8mb4_general_ci;

--
-- 傾印資料表的資料 `gamesprice`
--

INSERT INTO `gamesprice` (`gamesPriceSid`, `price`) VALUES
(1, '300'),
(2, '400'),
(3, '500'),
(4, '600'),
(5, '700'),
(6, '800');

-- --------------------------------------------------------

--
-- 資料表結構 `gamessort`
--

CREATE TABLE `gamessort` (
  `gamesSortSid` int(11) NOT NULL,
  `Sort` varchar(255) NOT NULL
) ENGINE=InnoDB DEFAULT CHARSET=utf8mb4 COLLATE=utf8mb4_general_ci;

--
-- 傾印資料表的資料 `gamessort`
--

INSERT INTO `gamessort` (`gamesSortSid`, `Sort`) VALUES
(1, '密室逃脫'),
(2, '劇本殺'),
(3, '時境解謎');

-- --------------------------------------------------------

--
-- 資料表結構 `gamestime`
--

CREATE TABLE `gamestime` (
  `gamesTimeSid` int(11) NOT NULL,
  `Time` int(11) NOT NULL
) ENGINE=InnoDB DEFAULT CHARSET=utf8mb4 COLLATE=utf8mb4_general_ci;

--
-- 傾印資料表的資料 `gamestime`
--

INSERT INTO `gamestime` (`gamesTimeSid`, `Time`) VALUES
(1, 30),
(2, 60),
(3, 90),
(4, 120);

-- --------------------------------------------------------

--
-- 資料表結構 `member`
--

CREATE TABLE `member` (
  `membersid` int(11) NOT NULL,
  `memNickName` varchar(255) NOT NULL,
  `memHeadshot` varchar(255) NOT NULL,
  `memAccount` varchar(255) NOT NULL,
  `memPassword` varchar(255) NOT NULL,
  `memName` varchar(255) NOT NULL,
  `memGender` varchar(255) NOT NULL,
  `memBirth` date NOT NULL,
  `memEmail` varchar(255) NOT NULL,
  `memMobile` varchar(255) NOT NULL,
  `memIdentity` varchar(255) NOT NULL,
  `memCreatAt` datetime NOT NULL DEFAULT current_timestamp(),
  `memEditAt` datetime NOT NULL
) ENGINE=InnoDB DEFAULT CHARSET=utf8mb4 COLLATE=utf8mb4_general_ci;

--
-- 傾印資料表的資料 `member`
--

INSERT INTO `member` (`membersid`, `memNickName`, `memHeadshot`, `memAccount`, `memPassword`, `memName`, `memGender`, `memBirth`, `memEmail`, `memMobile`, `memIdentity`, `memCreatAt`, `memEditAt`) VALUES
(1, 'Hank', 'male.jpg', 'member270386', 'pass24301', '吳宗翰', '男', '2007-11-20', 'mail17173@test.com', '0918920960', 'D519003436', '2022-12-15 14:08:15', '2023-03-08 06:17:00'),
(2, 'Eric', 'male.jpg', 'member876553', 'pass5801', '程冠宇', '男', '2004-08-19', 'mail83981@test.com', '0918653147', 'C908000268', '2022-12-15 14:08:15', '2022-12-23 00:25:27'),
(3, 'Daisy', 'female.jpg', 'member214473', 'pass4432', '馮怡婷', '女', '1997-05-15', 'mail71250@test.com', '0918869410', 'B605436364', '2022-12-15 14:08:15', '2022-12-22 19:37:33'),
(4, 'Danny', 'male.jpg', 'member985177', 'pass2773', '孫冠宇', '男', '2012-11-03', 'mail39684@test.com', '0918692780', 'C390263436', '2022-12-15 14:08:15', '2022-12-23 23:05:43'),
(5, 'Clare', 'female.jpg', 'member569746', 'pass5050', '梁雅筑', '女', '2006-02-14', 'mail39316@test.com', '0918854707', 'D394107233', '2022-12-15 14:08:15', '2022-12-22 07:57:36'),
(6, 'Kitty', 'female.jpg', 'member430645', 'pass8190', '張詩涵', '女', '2022-08-20', 'mail60024@test.com', '0918190308', 'B452168701', '2022-12-15 14:08:15', '2022-12-22 02:21:52'),
(7, 'Eric', 'male.jpg', 'member385827', 'pass5526', '彭彥廷', '男', '1992-06-18', 'mail61421@test.com', '0918267088', 'C749872904', '2022-12-15 14:08:15', '2022-12-23 04:28:39'),
(8, 'Kitty', 'female.jpg', 'member378528', 'pass6268', '傅詩涵', '女', '2009-02-26', 'mail41725@test.com', '0918225034', 'D352311596', '2022-12-15 14:08:15', '2022-12-22 13:25:28'),
(9, 'Danny', 'male.jpg', 'member489559', 'pass2282', '馮柏翰', '男', '1988-02-23', 'mail38980@test.com', '0918138249', 'A962706647', '2022-12-15 14:08:15', '2022-12-22 16:53:48'),
(10, 'Andy', 'male.jpg', 'member700049', 'pass7764', '何冠霖', '男', '2001-12-06', 'mail60574@test.com', '0918579146', 'D722708337', '2022-12-15 14:08:15', '2022-12-23 11:51:56'),
(11, 'Kitty', 'female.jpg', 'member846541', 'pass3183', '趙雅筑', '女', '1985-02-19', 'mail65454@test.com', '0918233424', 'B468648327', '2022-12-15 14:08:15', '2022-12-23 10:57:37'),
(12, 'Robert', 'male.jpg', 'member120356', 'pass3978', '馮冠霖', '男', '1997-12-24', 'mail26220@test.com', '0918708497', 'C815355439', '2022-12-15 14:08:15', '2022-12-23 20:19:17'),
(13, 'Robert', 'male.jpg', 'member128287', 'pass1583', '鄭彥廷', '男', '2016-06-06', 'mail15212@test.com', '0918810807', 'A412227773', '2022-12-15 14:08:15', '2022-12-23 04:04:50'),
(14, 'Robert', 'male.jpg', 'member103920', 'pass1675', '林宇軒', '男', '2004-07-20', 'mail60217@test.com', '0918870886', 'D900526163', '2022-12-15 14:08:15', '2022-12-22 19:16:48'),
(15, 'Danny', 'male.jpg', 'member110262', 'pass5774', '馬彥廷', '男', '2010-05-02', 'mail69246@test.com', '0918421266', 'A925894270', '2022-12-15 14:08:15', '2022-12-23 14:11:00'),
(16, 'Kitty', 'female.jpg', 'member706166', 'pass2365', '郭佳穎', '女', '2001-03-09', 'mail99058@test.com', '0918228461', 'D218550155', '2022-12-15 14:08:15', '2022-12-23 11:48:21'),
(17, 'Clare', 'female.jpg', 'member796566', 'pass2951', '吳怡君', '女', '1986-12-20', 'mail22120@test.com', '0918258911', 'A391324382', '2022-12-15 14:08:15', '2022-12-22 06:59:00'),
(18, 'Kitty', 'female.jpg', 'member777289', 'pass3310', '楊雅婷', '女', '1993-12-30', 'mail83013@test.com', '0918786697', 'B418108591', '2022-12-15 14:08:15', '2022-12-22 07:23:45'),
(19, 'Gary', 'male.jpg', 'member501223', 'pass4108', '於承翰', '男', '2013-10-27', 'mail93284@test.com', '0918209744', 'B462770238', '2022-12-15 14:08:15', '2022-12-22 12:43:44'),
(20, 'Robert', 'male.jpg', 'member337173', 'pass1142', '於冠宇', '男', '2008-01-06', 'mail67145@test.com', '0918218808', 'A222155135', '2022-12-15 14:08:15', '2022-12-22 02:21:05'),
(21, 'Daisy', 'female.jpg', 'member849750', 'pass3202', '程佳穎', '女', '1998-01-06', 'mail78543@test.com', '0918593980', 'A661387926', '2022-12-15 14:08:15', '2022-12-23 22:22:16'),
(22, 'Daisy', 'female.jpg', 'member382283', 'pass6892', '傅詩涵', '女', '1987-07-30', 'mail24416@test.com', '0918516520', 'C707003532', '2022-12-15 14:08:15', '2022-12-22 14:56:09'),
(23, 'Flora', 'female.jpg', 'member703632', 'pass1852', '楊鈺婷', '女', '1986-06-27', 'mail11252@test.com', '0918652098', 'B128974561', '2022-12-15 14:08:15', '2022-12-22 07:36:05'),
(24, 'Rebecca', 'female.jpg', 'member381166', 'pass4305', '陳怡萱', '女', '2004-08-17', 'mail20972@test.com', '0918193458', 'B557638799', '2022-12-15 14:08:15', '2022-12-22 00:16:04'),
(25, 'Danny', 'male.jpg', 'member928155', 'pass1247', '許宇軒', '男', '1996-10-03', 'mail88140@test.com', '0918898094', 'C127713081', '2022-12-15 14:08:15', '2022-12-22 10:20:57'),
(26, 'Rebecca', 'female.jpg', 'member771671', 'pass4432', '張郁婷', '女', '2016-09-03', 'mail38767@test.com', '0918364968', 'C108575408', '2022-12-15 14:08:15', '2022-12-23 20:39:28'),
(27, 'Bella', 'female.jpg', 'member491151', 'pass7545', '鄭鈺婷', '女', '2006-12-13', 'mail41344@test.com', '0918228422', 'D165873972', '2022-12-15 14:08:15', '2022-12-22 06:52:15'),
(28, 'Kevin', 'male.jpg', 'member225115', 'pass9923', '鄭宗翰', '男', '1997-03-31', 'mail84806@test.com', '0918449682', 'B617845818', '2022-12-15 14:08:15', '2022-12-22 05:52:23'),
(29, 'Hank', 'male.jpg', 'member131577', 'pass8315', '馮彥廷', '男', '2020-05-31', 'mail87796@test.com', '0918101108', 'B528306796', '2022-12-15 14:08:15', '2022-12-22 00:10:24'),
(30, 'Bella', 'female.jpg', 'member469946', 'pass5261', '曹詩涵', '女', '1995-06-15', 'mail32254@test.com', '0918957401', 'A604210263', '2022-12-15 14:08:15', '2022-12-22 14:37:01'),
(31, 'Clare', 'female.jpg', 'member856462', 'pass4493', '周詩涵', '女', '2018-08-30', 'mail37877@test.com', '0918870288', 'C639840598', '2022-12-15 14:08:15', '2022-12-22 12:04:56'),
(32, 'Kitty', 'female.jpg', 'member312920', 'pass1382', '李雅婷', '女', '2019-02-22', 'mail54067@test.com', '0918932014', 'A487532439', '2022-12-15 14:08:15', '2022-12-23 00:03:07'),
(33, 'Gary', 'male.jpg', 'member821275', 'pass5417', '宋宗翰', '男', '1985-04-03', 'mail65629@test.com', '0918697529', 'C676518454', '2022-12-15 14:08:15', '2022-12-22 11:47:46'),
(34, 'Kitty', 'female.jpg', 'member157208', 'pass8554', '林怡萱', '女', '1998-04-14', 'mail17647@test.com', '0918353925', 'B532461551', '2022-12-15 14:08:15', '2022-12-23 11:41:51'),
(35, 'Bella', 'female.jpg', 'member641544', 'pass3627', '楊鈺婷', '女', '2005-11-17', 'mail44084@test.com', '0918779014', 'B441236352', '2022-12-15 14:08:15', '2022-12-23 09:58:06'),
(36, 'Clare', 'female.jpg', 'member286967', 'pass6449', '沈怡萱', '女', '1991-10-17', 'mail98443@test.com', '0918125035', 'A925111692', '2022-12-15 14:08:15', '2022-12-23 22:29:47'),
(37, 'Danny', 'male.jpg', 'member922244', 'pass4247', '李彥廷', '男', '2022-09-08', 'mail38482@test.com', '0918431210', 'B457408178', '2022-12-15 14:08:15', '2022-12-23 12:06:16'),
(38, 'Kitty', 'female.jpg', 'member162450', 'pass2531', '許郁婷', '女', '2018-12-10', 'mail20297@test.com', '0918672793', 'C198784909', '2022-12-15 14:08:15', '2022-12-23 20:10:54'),
(39, 'Flora', 'female.jpg', 'member557607', 'pass2705', '馬詩涵', '女', '2021-02-24', 'mail91683@test.com', '0918613667', 'C298264548', '2022-12-15 14:08:15', '2022-12-23 23:08:32'),
(40, 'Flora', 'female.jpg', 'member378051', 'pass1662', '謝怡婷', '女', '2008-08-16', 'mail11233@test.com', '0918270323', 'C237257552', '2022-12-15 14:08:15', '2022-12-23 03:18:41'),
(41, 'Kevin', 'male.jpg', 'member341932', 'pass6577', '宋宇軒', '男', '2005-03-11', 'mail28146@test.com', '0918435847', 'A376324262', '2022-12-15 14:08:15', '2022-12-22 17:44:49'),
(42, 'Gary', 'male.jpg', 'member609651', 'pass4470', '何彥廷', '男', '1998-02-13', 'mail42677@test.com', '0918187429', 'D228056570', '2022-12-15 14:08:15', '2022-12-23 02:01:54'),
(43, 'Danny', 'male.jpg', 'member556566', 'pass9922', '傅家瑋', '男', '2012-11-22', 'mail56215@test.com', '0918867812', 'B641491891', '2022-12-15 14:08:15', '2022-12-23 16:02:58'),
(44, 'Kevin', 'male.jpg', 'member889716', 'pass5872', '於承翰', '男', '2014-12-06', 'mail80079@test.com', '0918202737', 'A271298067', '2022-12-15 14:08:15', '2022-12-22 13:11:56'),
(45, 'Danny', 'male.jpg', 'member951483', 'pass1376', '馬宗翰', '男', '1997-12-24', 'mail93599@test.com', '0918290069', 'C692040288', '2022-12-15 14:08:15', '2022-12-23 07:14:58'),
(46, 'Rebecca', 'female.jpg', 'member601677', 'pass4192', '曹郁婷', '女', '1985-08-24', 'mail26148@test.com', '0918301660', 'A626001620', '2022-12-15 14:08:15', '2022-12-23 03:38:50'),
(47, 'Gary', 'male.jpg', 'member727725', 'pass2179', '梁冠霖', '男', '2017-09-14', 'mail86146@test.com', '0918686938', 'A210626818', '2022-12-15 14:08:15', '2022-12-22 22:50:41'),
(48, 'Clare', 'female.jpg', 'member937997', 'pass2978', '曹鈺婷', '女', '2000-04-15', 'mail13228@test.com', '0918527112', 'D727697641', '2022-12-15 14:08:15', '2022-12-23 14:57:29'),
(49, 'Clare', 'female.jpg', 'member449950', 'pass8381', '韓郁婷', '女', '2000-02-10', 'mail11707@test.com', '0918576553', 'B858073776', '2022-12-15 14:08:15', '2022-12-22 01:25:49'),
(50, 'Kitty', 'female.jpg', 'member774772', 'pass4786', '彭郁婷', '女', '1999-08-08', 'mail66943@test.com', '0918265100', 'D985730560', '2022-12-15 14:08:15', '2022-12-23 16:17:48'),
(51, 'Rebecca', 'female.jpg', 'member556908', 'pass2270', '楊雅筑', '女', '1997-10-26', 'mail57142@test.com', '0918296247', 'C906061566', '2022-12-15 14:08:15', '2022-12-23 03:35:21'),
(52, 'Clare', 'female.jpg', 'member818451', 'pass6783', '梁鈺婷', '女', '2008-07-24', 'mail51061@test.com', '0918836550', 'D169235607', '2022-12-15 14:08:15', '2022-12-22 20:53:44'),
(53, 'Kevin', 'male.jpg', 'member439871', 'pass1098', '鄧家豪', '男', '1995-07-15', 'mail96057@test.com', '0918699246', 'B305219056', '2022-12-15 14:08:15', '2022-12-22 21:07:34'),
(54, 'Bella', 'female.jpg', 'member170187', 'pass9051', '羅鈺婷', '女', '2000-03-13', 'mail41168@test.com', '0918583262', 'C251003805', '2022-12-15 14:08:15', '2022-12-22 00:44:28'),
(55, 'Kevin', 'male.jpg', 'member331018', 'pass2707', '趙冠廷', '男', '2021-05-26', 'mail12723@test.com', '0918206435', 'C720670899', '2022-12-15 14:08:15', '2022-12-22 17:05:30'),
(56, 'Daisy', 'female.jpg', 'member758093', 'pass3573', '羅詩涵', '女', '2013-07-03', 'mail46064@test.com', '0918874894', 'C955186348', '2022-12-15 14:08:15', '2022-12-22 04:11:52'),
(57, 'Kevin', 'male.jpg', 'member872020', 'pass1135', '陳宗翰', '男', '2016-03-28', 'mail59376@test.com', '0918165224', 'D922704879', '2022-12-15 14:08:15', '2022-12-23 12:43:56'),
(58, 'Flora', 'female.jpg', 'member175697', 'pass5872', '馬郁婷', '女', '1995-05-19', 'mail73295@test.com', '0918953277', 'B240211372', '2022-12-15 14:08:15', '2022-12-23 03:59:02'),
(59, 'Daisy', 'female.jpg', 'member257523', 'pass5715', '高佳穎', '女', '1994-06-15', 'mail13333@test.com', '0918559237', 'D926353594', '2022-12-15 14:08:15', '2022-12-22 00:04:33'),
(60, 'Amy', 'female.jpg', 'member383081', 'pass2642', '劉佳穎', '女', '1993-01-05', 'mail30450@test.com', '0918227132', 'D549874820', '2022-12-15 14:08:15', '2022-12-23 00:02:27'),
(61, 'Kitty', 'female.jpg', 'member268741', 'pass1067', '董宜庭', '女', '2018-08-20', 'mail16418@test.com', '0918699539', 'C366417336', '2022-12-15 14:08:15', '2022-12-23 16:34:53'),
(62, 'Amy', 'female.jpg', 'member295236', 'pass7971', '趙詩涵', '女', '2005-07-29', 'mail58088@test.com', '0918226847', 'C241131976', '2022-12-15 14:08:15', '2022-12-22 23:22:40'),
(63, 'Eric', 'male.jpg', 'member751148', 'pass4023', '陳承翰', '男', '2008-10-19', 'mail39203@test.com', '0918971608', 'D193474851', '2022-12-15 14:08:15', '2022-12-23 08:38:32'),
(64, 'Danny', 'male.jpg', 'member601235', 'pass7050', '董宇軒', '男', '2020-07-15', 'mail13741@test.com', '0918609241', 'D214835039', '2022-12-15 14:08:15', '2022-12-23 13:55:35'),
(65, 'Clare', 'female.jpg', 'member869406', 'pass9455', '韓怡萱', '女', '2008-03-26', 'mail34916@test.com', '0918778876', 'D624465010', '2022-12-15 14:08:15', '2022-12-22 02:28:46'),
(66, 'Danny', 'male.jpg', 'member698070', 'pass3245', '呂家豪', '男', '2015-05-28', 'mail75038@test.com', '0918270905', 'B260033265', '2022-12-15 14:08:15', '2022-12-22 17:58:30'),
(67, 'Kevin', 'male.jpg', 'member162861', 'pass4496', '周冠宇', '男', '2021-04-27', 'mail68277@test.com', '0918755894', 'D758578464', '2022-12-15 14:08:15', '2022-12-23 08:21:43'),
(68, 'Andy', 'male.jpg', 'member514136', 'pass4277', '朱彥廷', '男', '1988-06-11', 'mail10046@test.com', '0918174478', 'B972887847', '2022-12-15 14:08:15', '2022-12-23 20:18:08'),
(69, 'Robert', 'male.jpg', 'member865649', 'pass5068', '董彥廷', '男', '2016-06-30', 'mail33404@test.com', '0918959962', 'D584708600', '2022-12-15 14:08:15', '2022-12-22 03:27:30'),
(70, 'Hank', 'male.jpg', 'member810198', 'pass3688', '董宗翰', '男', '2006-07-28', 'mail46719@test.com', '0918799474', 'C180107103', '2022-12-15 14:08:15', '2022-12-22 08:00:22'),
(71, 'Danny', 'male.jpg', 'member840745', 'pass2972', '郭宗翰', '男', '1986-03-19', 'mail49445@test.com', '0918216740', 'B556328522', '2022-12-15 14:08:15', '2022-12-23 07:26:32'),
(72, 'Eric', 'male.jpg', 'member597857', 'pass3630', '梁宇軒', '男', '2019-08-28', 'mail82141@test.com', '0918245731', 'A745980862', '2022-12-15 14:08:15', '2022-12-23 00:40:17'),
(73, 'Amy', 'female.jpg', 'member578698', 'pass4953', '呂詩涵', '女', '2010-01-02', 'mail75512@test.com', '0918418509', 'A100891938', '2022-12-15 14:08:15', '2022-12-23 17:53:34'),
(74, 'Robert', 'male.jpg', 'member370234', 'pass3126', '李彥廷', '男', '1985-03-07', 'mail70423@test.com', '0918863816', 'B530458009', '2022-12-15 14:08:15', '2022-12-22 05:41:51'),
(75, 'Daisy', 'female.jpg', 'member999041', 'pass5136', '程怡婷', '女', '2017-08-17', 'mail48841@test.com', '0918671104', 'D840166803', '2022-12-15 14:08:15', '2022-12-23 12:58:17'),
(76, 'Bella', 'female.jpg', 'member775561', 'pass9495', '董詩涵', '女', '2017-06-12', 'mail12002@test.com', '0918699312', 'D852361483', '2022-12-15 14:08:15', '2022-12-22 11:49:05'),
(77, 'Amy', 'female.jpg', 'member585953', 'pass4740', '楊怡婷', '女', '1995-09-07', 'mail94157@test.com', '0918161694', 'D458577013', '2022-12-15 14:08:15', '2022-12-22 17:43:15'),
(78, 'Rebecca', 'female.jpg', 'member948428', 'pass6824', '徐詩涵', '女', '2002-12-22', 'mail18424@test.com', '0918971846', 'A620234168', '2022-12-15 14:08:15', '2022-12-22 05:39:42'),
(79, 'Andy', 'male.jpg', 'member692043', 'pass2962', '楊彥廷', '男', '1997-10-21', 'mail13767@test.com', '0918326188', 'D815112479', '2022-12-15 14:08:15', '2022-12-23 04:26:56'),
(80, 'Eric', 'male.jpg', 'member436841', 'pass3898', '傅冠霖', '男', '2019-06-28', 'mail92255@test.com', '0918315567', 'D949921149', '2022-12-15 14:08:15', '2022-12-23 12:51:04'),
(81, 'Eric', 'male.jpg', 'member633629', 'pass5262', '許宇軒', '男', '2017-11-22', 'mail86962@test.com', '0918232151', 'B612484334', '2022-12-15 14:08:15', '2022-12-22 02:44:23'),
(82, 'Andy', 'male.jpg', 'member220807', 'pass3861', '李家瑋', '男', '2002-12-10', 'mail70291@test.com', '0918466897', 'C396859153', '2022-12-15 14:08:15', '2022-12-22 01:45:24'),
(83, 'Hank', 'male.jpg', 'member706374', 'pass5244', '於冠霖', '男', '1991-05-22', 'mail15301@test.com', '0918164993', 'C392498859', '2022-12-15 14:08:15', '2022-12-22 13:51:00'),
(84, 'Gary', 'male.jpg', 'member134575', 'pass2817', '劉家豪', '男', '2002-08-05', 'mail69450@test.com', '0918832653', 'D939552851', '2022-12-15 14:08:15', '2022-12-23 12:23:15'),
(85, 'Robert', 'male.jpg', 'member940685', 'pass9757', '梁宗翰', '男', '2005-12-02', 'mail84683@test.com', '0918231794', 'C647586456', '2022-12-15 14:08:15', '2022-12-22 08:08:57'),
(86, 'Danny', 'male.jpg', 'member742004', 'pass4977', '唐宗翰', '男', '2000-03-22', 'mail14399@test.com', '0918837304', 'A303578034', '2022-12-15 14:08:15', '2022-12-22 22:46:13'),
(87, 'Andy', 'male.jpg', 'member474152', 'pass4282', '吳家豪', '男', '2020-04-30', 'mail87274@test.com', '0918105683', 'A535100165', '2022-12-15 14:08:15', '2022-12-22 02:30:07'),
(88, 'Gary', 'male.jpg', 'member274105', 'pass2849', '高宗翰', '男', '2014-02-25', 'mail39850@test.com', '0918218749', 'D801281906', '2022-12-15 14:08:15', '2022-12-22 04:21:14'),
(89, 'Robert', 'male.jpg', 'member465451', 'pass5319', '謝宇軒', '男', '2002-11-06', 'mail67832@test.com', '0918310007', 'A717480167', '2022-12-15 14:08:15', '2022-12-22 17:13:50'),
(90, 'Flora', 'female.jpg', 'member147814', 'pass5426', '李佳穎', '女', '2021-07-22', 'mail99185@test.com', '0918614308', 'B468237514', '2022-12-15 14:08:15', '2022-12-22 17:14:10'),
(91, 'Robert', 'male.jpg', 'member417503', 'pass3345', '周家豪', '男', '2002-12-22', 'mail32980@test.com', '0918473464', 'A691080048', '2022-12-15 14:08:15', '2022-12-22 14:23:58'),
(92, 'Flora', 'female.jpg', 'member292087', 'pass1366', '張鈺婷', '女', '1993-04-10', 'mail44176@test.com', '0918164765', 'A831345179', '2022-12-15 14:08:15', '2022-12-23 03:14:16'),
(93, 'Andy', 'male.jpg', 'member446637', 'pass1282', '呂宗翰', '男', '2008-04-20', 'mail17341@test.com', '0918186954', 'D261971057', '2022-12-15 14:08:15', '2022-12-22 03:50:48'),
(94, 'Hank', 'male.jpg', 'member115127', 'pass3200', '彭柏翰', '男', '1990-05-11', 'mail89890@test.com', '0918682047', 'D765137053', '2022-12-15 14:08:15', '2022-12-22 09:03:41'),
(95, 'Bella', 'female.jpg', 'member535636', 'pass1127', '羅怡君', '女', '2002-10-09', 'mail27627@test.com', '0918741077', 'B329893424', '2022-12-15 14:08:15', '2022-12-23 12:20:38'),
(96, 'Bella', 'female.jpg', 'member428497', 'pass8365', '於雅筑', '女', '2017-08-16', 'mail64446@test.com', '0918233595', 'D908618254', '2022-12-15 14:08:15', '2022-12-22 05:15:01'),
(97, 'Kitty', 'female.jpg', 'member395595', 'pass9566', '許怡君', '女', '1985-12-23', 'mail92592@test.com', '0918155317', 'C664403697', '2022-12-15 14:08:15', '2022-12-22 15:13:29'),
(98, 'Hank', 'male.jpg', 'member256502', 'pass4312', '孫家瑋', '男', '1992-10-18', 'mail20173@test.com', '0918252664', 'A778102102', '2022-12-15 14:08:15', '2022-12-23 06:17:44'),
(99, 'Kevin', 'male.jpg', 'member693083', 'pass1302', '周宗翰', '男', '2014-06-05', 'mail54520@test.com', '0918585836', 'C492314668', '2022-12-15 14:08:15', '2022-12-23 14:06:47'),
(100, 'Hank', 'male.jpg', 'member492258', 'pass2695', '彭宗翰', '男', '2006-05-31', 'mail42721@test.com', '0918659551', 'D331763976', '2022-12-15 14:08:15', '2022-12-22 08:10:35'),
(101, 'Rebecca', 'female.jpg', 'member441357', 'pass5439', '朱宜庭', '女', '2018-09-27', 'mail47355@test.com', '0918595085', 'D970721799', '2022-12-15 14:08:15', '2022-12-23 10:26:57'),
(102, 'Kitty', 'female.jpg', 'member199739', 'pass9506', '韓怡婷', '女', '1991-12-15', 'mail91240@test.com', '0918128360', 'C607151241', '2022-12-15 14:08:15', '2022-12-23 06:24:29'),
(103, 'Eric', 'male.jpg', 'member286607', 'pass7258', '周彥廷', '男', '2006-03-18', 'mail64231@test.com', '0918512475', 'B712997792', '2022-12-15 14:08:15', '2022-12-23 15:31:33'),
(104, 'Daisy', 'female.jpg', 'member649839', 'pass6789', '高佳穎', '女', '2011-01-05', 'mail73807@test.com', '0918936428', 'D648662599', '2022-12-15 14:08:15', '2022-12-23 15:06:02'),
(105, 'Hank', 'male.jpg', 'member553503', 'pass1267', '吳柏翰', '男', '2014-07-10', 'mail55317@test.com', '0918498562', 'B607399080', '2022-12-15 14:08:15', '2022-12-22 11:01:24'),
(106, 'Robert', 'male.jpg', 'member317129', 'pass6551', '馮彥廷', '男', '2018-06-10', 'mail17035@test.com', '0918596751', 'B850319154', '2022-12-15 14:08:15', '2022-12-23 17:07:35'),
(107, 'Flora', 'female.jpg', 'member356412', 'pass5194', '羅怡婷', '女', '2017-04-26', 'mail54054@test.com', '0918185309', 'A167932478', '2022-12-15 14:08:15', '2022-12-22 01:37:07'),
(108, 'Eric', 'male.jpg', 'member820411', 'pass9955', '王家豪', '男', '2007-05-29', 'mail25401@test.com', '0918933603', 'D731323196', '2022-12-15 14:08:15', '2022-12-22 01:16:18'),
(109, 'Kevin', 'male.jpg', 'member798510', 'pass7520', '於承翰', '男', '1986-12-21', 'mail31685@test.com', '0918883465', 'B478256660', '2022-12-15 14:08:15', '2022-12-22 19:02:46'),
(110, 'Hank', 'male.jpg', 'member974359', 'pass6071', '郭冠宇', '男', '1993-01-26', 'mail83443@test.com', '0918607371', 'B984903874', '2022-12-15 14:08:15', '2022-12-23 09:00:31'),
(111, 'Gary', 'male.jpg', 'member129122', 'pass6341', '孫家豪', '男', '2008-08-21', 'mail36973@test.com', '0918378485', 'A565648623', '2022-12-15 14:08:15', '2022-12-22 23:12:45'),
(112, 'Kevin', 'male.jpg', 'member754544', 'pass1366', '孫家瑋', '男', '1993-02-18', 'mail35314@test.com', '0918247332', 'C610862573', '2022-12-15 14:08:15', '2022-12-22 23:40:57'),
(113, 'Bella', 'female.jpg', 'member174970', 'pass2403', '韓雅婷', '女', '2002-03-23', 'mail33191@test.com', '0918663726', 'B528031533', '2022-12-15 14:08:15', '2022-12-23 01:56:53'),
(114, 'Hank', 'male.jpg', 'member538157', 'pass7188', '梁家瑋', '男', '1994-05-26', 'mail73337@test.com', '0918239974', 'D222808621', '2022-12-15 14:08:15', '2022-12-22 00:22:44'),
(115, 'Eric', 'male.jpg', 'member676547', 'pass6639', '黃承翰', '男', '2006-09-28', 'mail17774@test.com', '0918969114', 'B803341825', '2022-12-15 14:08:15', '2022-12-23 09:56:26'),
(116, 'Daisy', 'female.jpg', 'member866641', 'pass3995', '王詩涵', '女', '1987-10-06', 'mail20778@test.com', '0918130891', 'B923885055', '2022-12-15 14:08:15', '2022-12-23 13:28:31'),
(117, 'Robert', 'male.jpg', 'member859044', 'pass7933', '彭彥廷', '男', '2018-03-16', 'mail66819@test.com', '0918571193', 'A769066517', '2022-12-15 14:08:15', '2022-12-23 13:49:12'),
(118, 'Daisy', 'female.jpg', 'member343862', 'pass4314', '楊郁婷', '女', '2011-07-21', 'mail67310@test.com', '0918762502', 'B322823167', '2022-12-15 14:08:15', '2022-12-23 08:02:24'),
(119, 'Amy', 'female.jpg', 'member781992', 'pass9009', '馬詩涵', '女', '1999-05-06', 'mail71211@test.com', '0918316962', 'D275674854', '2022-12-15 14:08:15', '2022-12-23 02:32:31'),
(120, 'Flora', 'female.jpg', 'member671389', 'pass5731', '於怡婷', '女', '2001-07-16', 'mail46158@test.com', '0918161474', 'D485083319', '2022-12-15 14:08:15', '2022-12-22 14:29:28'),
(121, 'Andy', 'male.jpg', 'member130673', 'pass8904', '馬承翰', '男', '1991-06-18', 'mail58922@test.com', '0918787032', 'B557325342', '2022-12-15 14:08:15', '2022-12-22 21:30:00'),
(122, 'Danny', 'male.jpg', 'member914072', 'pass7787', '高家豪', '男', '2016-07-14', 'mail93066@test.com', '0918734722', 'D549654189', '2022-12-15 14:08:15', '2022-12-23 14:44:02'),
(123, 'Gary', 'male.jpg', 'member950710', 'pass2807', '羅家瑋', '男', '1987-10-26', 'mail89091@test.com', '0918589484', 'D526474281', '2022-12-15 14:08:15', '2022-12-23 19:36:18'),
(124, 'Robert', 'male.jpg', 'member437173', 'pass8324', '李家瑋', '男', '1998-07-19', 'mail73128@test.com', '0918541680', 'B528455743', '2022-12-15 14:08:15', '2022-12-22 00:43:55'),
(125, 'Kitty', 'female.jpg', 'member996891', 'pass2845', '曾鈺婷', '女', '1985-12-10', 'mail30058@test.com', '0918293191', 'B315370871', '2022-12-15 14:08:15', '2022-12-23 01:47:41'),
(126, 'Bella', 'female.jpg', 'member504566', 'pass1435', '胡怡萱', '女', '2004-12-13', 'mail63573@test.com', '0918927088', 'C662049153', '2022-12-15 14:08:15', '2022-12-23 21:15:18'),
(127, 'Daisy', 'female.jpg', 'member780226', 'pass2400', '韓怡萱', '女', '1986-08-24', 'mail77479@test.com', '0918598372', 'D337073671', '2022-12-15 14:08:15', '2022-12-22 20:55:44'),
(128, 'Bella', 'female.jpg', 'member223138', 'pass6115', '程怡君', '女', '2012-06-06', 'mail22113@test.com', '0918469944', 'C183812387', '2022-12-15 14:08:15', '2022-12-22 22:58:25'),
(129, 'Clare', 'female.jpg', 'member524164', 'pass2534', '程郁婷', '女', '2009-11-23', 'mail16474@test.com', '0918951513', 'A428370480', '2022-12-15 14:08:15', '2022-12-22 11:33:50'),
(130, 'Bella', 'female.jpg', 'member793347', 'pass1849', '孫怡婷', '女', '2019-02-02', 'mail29622@test.com', '0918154812', 'B714669911', '2022-12-15 14:08:15', '2022-12-22 20:16:33'),
(131, 'Flora', 'female.jpg', 'member436756', 'pass8544', '黃郁婷', '女', '2013-06-26', 'mail85709@test.com', '0918664571', 'A870112281', '2022-12-15 14:08:15', '2022-12-23 22:49:04'),
(132, 'Robert', 'male.jpg', 'member142797', 'pass2365', '許宇軒', '男', '1995-03-01', 'mail90664@test.com', '0918113091', 'A271634585', '2022-12-15 14:08:15', '2022-12-22 18:01:57'),
(133, 'Daisy', 'female.jpg', 'member973370', 'pass8454', '黃詩涵', '女', '1992-12-18', 'mail25115@test.com', '0918471175', 'D191851522', '2022-12-15 14:08:15', '2022-12-23 10:50:51'),
(134, 'Amy', 'female.jpg', 'member411214', 'pass6983', '謝怡萱', '女', '1998-06-11', 'mail88760@test.com', '0918174483', 'D357401997', '2022-12-15 14:08:15', '2022-12-22 17:15:34'),
(135, 'Danny', 'male.jpg', 'member310083', 'pass5860', '曹彥廷', '男', '1995-05-26', 'mail94250@test.com', '0918556287', 'C298188736', '2022-12-15 14:08:15', '2022-12-23 04:07:00'),
(136, 'Bella', 'female.jpg', 'member920025', 'pass1913', '何宜庭', '女', '1993-03-06', 'mail94600@test.com', '0918857358', 'C825506270', '2022-12-15 14:08:15', '2022-12-22 05:54:56'),
(137, 'Andy', 'male.jpg', 'member586299', 'pass1420', '韓柏翰', '男', '1988-01-30', 'mail16938@test.com', '0918632286', 'A246252350', '2022-12-15 14:08:15', '2022-12-23 02:57:45'),
(138, 'Rebecca', 'female.jpg', 'member927100', 'pass7969', '趙郁婷', '女', '2019-01-17', 'mail61267@test.com', '0918612377', 'B363567899', '2022-12-15 14:08:15', '2022-12-22 18:53:59'),
(139, 'Hank', 'male.jpg', 'member390478', 'pass3951', '沈宗翰', '男', '2021-02-12', 'mail61762@test.com', '0918291130', 'A555305228', '2022-12-15 14:08:15', '2022-12-22 05:01:43'),
(140, 'Clare', 'female.jpg', 'member663422', 'pass9947', '唐宜庭', '女', '1994-06-04', 'mail86709@test.com', '0918873216', 'A862083675', '2022-12-15 14:08:15', '2022-12-23 03:42:00'),
(141, 'Robert', 'male.jpg', 'member223189', 'pass8877', '王家瑋', '男', '1991-03-15', 'mail37572@test.com', '0918419003', 'A116404916', '2022-12-15 14:08:15', '2022-12-23 21:27:51'),
(142, 'Hank', 'male.jpg', 'member769782', 'pass5088', '王宇軒', '男', '2007-06-07', 'mail14025@test.com', '0918211374', 'A913822871', '2022-12-15 14:08:15', '2022-12-22 03:04:31'),
(143, 'Andy', 'male.jpg', 'member904079', 'pass5337', '許宇軒', '男', '1999-09-28', 'mail45719@test.com', '0918605717', 'C688766872', '2022-12-15 14:08:15', '2022-12-23 02:23:59'),
(144, 'Rebecca', 'female.jpg', 'member448533', 'pass2755', '梁詩涵', '女', '1991-02-06', 'mail63271@test.com', '0918932350', 'C916020036', '2022-12-15 14:08:15', '2022-12-22 01:33:54'),
(145, 'Flora', 'female.jpg', 'member584492', 'pass8162', '孫鈺婷', '女', '2001-08-13', 'mail66391@test.com', '0918179970', 'A454611312', '2022-12-15 14:08:15', '2022-12-22 07:19:23'),
(146, 'Rebecca', 'female.jpg', 'member475129', 'pass7253', '梁鈺婷', '女', '2014-08-06', 'mail20117@test.com', '0918288191', 'D333337475', '2022-12-15 14:08:15', '2022-12-23 11:20:32'),
(147, 'Daisy', 'female.jpg', 'member395327', 'pass6109', '謝宜庭', '女', '2003-11-13', 'mail92365@test.com', '0918197336', 'B914095709', '2022-12-15 14:08:15', '2022-12-23 21:47:10'),
(148, 'Flora', 'female.jpg', 'member654104', 'pass8407', '沈佳穎', '女', '1986-12-03', 'mail29198@test.com', '0918906681', 'A627004950', '2022-12-15 14:08:15', '2022-12-23 09:33:13'),
(149, 'Flora', 'female.jpg', 'member609438', 'pass3551', '彭怡婷', '女', '1987-11-24', 'mail90418@test.com', '0918997397', 'C775403471', '2022-12-15 14:08:15', '2022-12-23 19:46:39'),
(150, 'Daisy', 'female.jpg', 'member145310', 'pass9135', '吳詩涵', '女', '2010-10-18', 'mail66103@test.com', '0918487864', 'A857167735', '2022-12-15 14:08:15', '2022-12-22 08:49:58'),
(151, 'Rebecca', 'female.jpg', 'member886800', 'pass1233', '林雅婷', '女', '2001-06-01', 'mail10011@test.com', '0918572128', 'B960914165', '2022-12-15 14:08:15', '2022-12-22 10:36:42'),
(152, 'Danny', 'male.jpg', 'member922729', 'pass6569', '吳宇軒', '男', '1991-10-17', 'mail87275@test.com', '0918783477', 'B793506381', '2022-12-15 14:08:15', '2022-12-22 20:53:33'),
(153, 'Amy', 'female.jpg', 'member341448', 'pass3009', '吳郁婷', '女', '2014-10-26', 'mail79066@test.com', '0918653418', 'C209792018', '2022-12-15 14:08:15', '2022-12-23 05:39:32'),
(154, 'Flora', 'female.jpg', 'member452594', 'pass4949', '馬鈺婷', '女', '1986-03-04', 'mail25846@test.com', '0918325183', 'C178600046', '2022-12-15 14:08:15', '2022-12-22 23:34:27'),
(155, 'Kevin', 'male.jpg', 'member834650', 'pass8987', '楊宇軒', '男', '1994-07-20', 'mail18975@test.com', '0918565776', 'C858795217', '2022-12-15 14:08:15', '2022-12-22 19:24:36'),
(156, 'Kitty', 'female.jpg', 'member474607', 'pass3332', '曾雅筑', '女', '1993-08-19', 'mail14481@test.com', '0918597872', 'A625747771', '2022-12-15 14:08:15', '2022-12-22 03:13:18'),
(157, 'Bella', 'female.jpg', 'member571736', 'pass6995', '馮怡萱', '女', '2000-10-17', 'mail22204@test.com', '0918407072', 'C888469785', '2022-12-15 14:08:15', '2022-12-23 12:30:10'),
(158, 'Eric', 'male.jpg', 'member369930', 'pass6876', '傅彥廷', '男', '2016-08-06', 'mail35321@test.com', '0918694203', 'C737985070', '2022-12-15 14:08:15', '2022-12-22 06:44:35'),
(159, 'Danny', 'male.jpg', 'member574721', 'pass4107', '羅柏翰', '男', '2006-02-20', 'mail75900@test.com', '0918895174', 'B499806458', '2022-12-15 14:08:15', '2022-12-23 16:45:27'),
(160, 'Robert', 'male.jpg', 'member575818', 'pass9168', '楊冠霖', '男', '2002-10-12', 'mail49929@test.com', '0918496964', 'B648107794', '2022-12-15 14:08:15', '2022-12-22 10:10:22'),
(161, 'Danny', 'male.jpg', 'member570856', 'pass2867', '鄧家瑋', '男', '1986-05-20', 'mail61448@test.com', '0918566489', 'D970206638', '2022-12-15 14:08:15', '2022-12-22 05:33:56'),
(162, 'Eric', 'male.jpg', 'member143771', 'pass7100', '許宗翰', '男', '2019-06-21', 'mail93125@test.com', '0918304804', 'D556008660', '2022-12-15 14:08:15', '2022-12-23 20:29:59'),
(163, 'Danny', 'male.jpg', 'member197094', 'pass6706', '謝承翰', '男', '2007-05-20', 'mail69086@test.com', '0918659019', 'B795570579', '2022-12-15 14:08:15', '2022-12-23 21:48:39'),
(164, 'Clare', 'female.jpg', 'member224790', 'pass8149', '黃佳穎', '女', '2021-04-29', 'mail65514@test.com', '0918758061', 'D829587384', '2022-12-15 14:08:15', '2022-12-22 04:52:05'),
(165, 'Kevin', 'male.jpg', 'member749730', 'pass5523', '傅彥廷', '男', '2021-09-18', 'mail70980@test.com', '0918575666', 'A897690346', '2022-12-15 14:08:15', '2022-12-23 17:29:00'),
(166, 'Kitty', 'female.jpg', 'member160426', 'pass3876', '王佳穎', '女', '1996-01-27', 'mail46203@test.com', '0918374892', 'C352787950', '2022-12-15 14:08:15', '2022-12-22 06:09:13'),
(167, 'Daisy', 'female.jpg', 'member728164', 'pass8304', '黃鈺婷', '女', '2003-12-12', 'mail52615@test.com', '0918666822', 'D415356237', '2022-12-15 14:08:15', '2022-12-23 02:16:25'),
(168, 'Rebecca', 'female.jpg', 'member332921', 'pass8113', '何佳穎', '女', '1995-05-12', 'mail38179@test.com', '0918342135', 'D956600890', '2022-12-15 14:08:15', '2022-12-23 00:58:58'),
(169, 'Eric', 'male.jpg', 'member627547', 'pass4396', '趙彥廷', '男', '2003-12-15', 'mail81748@test.com', '0918758711', 'D669365412', '2022-12-15 14:08:15', '2022-12-22 03:07:37'),
(170, 'Amy', 'female.jpg', 'member721292', 'pass1424', '程雅婷', '女', '1992-12-04', 'mail89717@test.com', '0918345886', 'D102113531', '2022-12-15 14:08:15', '2022-12-23 06:23:05'),
(171, 'Flora', 'female.jpg', 'member222792', 'pass7324', '李佳穎', '女', '2009-01-17', 'mail95450@test.com', '0918394274', 'D163564303', '2022-12-15 14:08:15', '2022-12-23 02:43:30'),
(172, 'Gary', 'male.jpg', 'member145584', 'pass6890', '黃柏翰', '男', '2019-01-07', 'mail99311@test.com', '0918869548', 'C385970501', '2022-12-15 14:08:15', '2022-12-22 16:43:54'),
(173, 'Eric', 'male.jpg', 'member647246', 'pass5058', '劉家瑋', '男', '2006-06-24', 'mail66574@test.com', '0918942490', 'C226754464', '2022-12-15 14:08:15', '2022-12-23 11:56:19'),
(174, 'Kevin', 'male.jpg', 'member892002', 'pass9360', '梁家豪', '男', '2005-03-27', 'mail57720@test.com', '0918901882', 'D252591083', '2022-12-15 14:08:15', '2022-12-23 18:16:22'),
(175, 'Rebecca', 'female.jpg', 'member996614', 'pass5760', '許怡萱', '女', '2002-12-16', 'mail38788@test.com', '0918973000', 'A925672828', '2022-12-15 14:08:15', '2022-12-22 04:12:53'),
(176, 'Clare', 'female.jpg', 'member790577', 'pass9672', '曾佳穎', '女', '2022-11-04', 'mail47614@test.com', '0918128754', 'A152696537', '2022-12-15 14:08:15', '2022-12-22 04:25:47'),
(177, 'Gary', 'male.jpg', 'member419339', 'pass9924', '周宇軒', '男', '1992-03-26', 'mail41810@test.com', '0918896895', 'D494935334', '2022-12-15 14:08:15', '2022-12-22 18:16:02'),
(178, 'Amy', 'female.jpg', 'member366562', 'pass7732', '許鈺婷', '女', '1993-03-22', 'mail30507@test.com', '0918971543', 'A557470772', '2022-12-15 14:08:15', '2022-12-22 23:33:49'),
(179, 'Amy', 'female.jpg', 'member801055', 'pass4023', '傅怡婷', '女', '2016-10-31', 'mail22538@test.com', '0918496199', 'C344940040', '2022-12-15 14:08:15', '2022-12-23 13:41:35'),
(180, 'Hank', 'male.jpg', 'member790563', 'pass5765', '郭彥廷', '男', '2006-02-10', 'mail41428@test.com', '0918732411', 'B486849981', '2022-12-15 14:08:15', '2022-12-22 02:56:39'),
(181, 'Kevin', 'male.jpg', 'member254802', 'pass9804', '楊宗翰', '男', '2005-11-03', 'mail39443@test.com', '0918285918', 'A709693503', '2022-12-15 14:08:15', '2022-12-23 21:53:52'),
(182, 'Danny', 'male.jpg', 'member308195', 'pass4872', '何宗翰', '男', '1997-09-16', 'mail21640@test.com', '0918967745', 'B733865274', '2022-12-15 14:08:15', '2022-12-22 04:05:40'),
(183, 'Rebecca', 'female.jpg', 'member715604', 'pass8188', '梁佳穎', '女', '2007-02-17', 'mail11237@test.com', '0918798270', 'B539293998', '2022-12-15 14:08:15', '2022-12-23 08:59:31'),
(184, 'Kevin', 'male.jpg', 'member590220', 'pass8665', '許冠霖', '男', '1987-11-07', 'mail55760@test.com', '0918838867', 'D929532425', '2022-12-15 14:08:15', '2022-12-22 09:53:28'),
(185, 'Kevin', 'male.jpg', 'member200842', 'pass3764', '馬承翰', '男', '1985-08-17', 'mail81636@test.com', '0918566363', 'A849668607', '2022-12-15 14:08:15', '2022-12-22 08:21:19'),
(186, 'Hank', 'male.jpg', 'member666685', 'pass3225', '宋家瑋', '男', '1985-12-08', 'mail13127@test.com', '0918966244', 'D254898286', '2022-12-15 14:08:15', '2022-12-22 07:08:42'),
(187, 'Danny', 'male.jpg', 'member591634', 'pass8975', '梁冠廷', '男', '2008-02-26', 'mail14018@test.com', '0918668692', 'C199921300', '2022-12-15 14:08:15', '2022-12-23 04:29:44'),
(188, 'Daisy', 'female.jpg', 'member210395', 'pass4961', '周宜庭', '女', '2019-10-29', 'mail83361@test.com', '0918245490', 'C867735564', '2022-12-15 14:08:15', '2022-12-22 20:54:40'),
(189, 'Amy', 'female.jpg', 'member662159', 'pass6901', '梁怡婷', '女', '2015-05-05', 'mail51820@test.com', '0918672541', 'C379518954', '2022-12-15 14:08:15', '2022-12-23 22:23:30'),
(190, 'Hank', 'male.jpg', 'member746783', 'pass1447', '馬承翰', '男', '1988-10-29', 'mail60414@test.com', '0918982202', 'A390175186', '2022-12-15 14:08:15', '2022-12-22 06:51:35'),
(191, 'Kevin', 'male.jpg', 'member279226', 'pass5725', '程冠廷', '男', '1991-01-06', 'mail60816@test.com', '0918599621', 'C189110921', '2022-12-15 14:08:15', '2022-12-23 20:50:24'),
(192, 'Danny', 'male.jpg', 'member999911', 'pass6764', '馮冠霖', '男', '1989-10-31', 'mail31542@test.com', '0918815044', 'D877178842', '2022-12-15 14:08:15', '2022-12-22 23:20:05'),
(193, 'Danny', 'male.jpg', 'member506445', 'pass5289', '謝柏翰', '男', '2015-01-02', 'mail49071@test.com', '0918713627', 'B875185114', '2022-12-15 14:08:15', '2022-12-23 04:56:04'),
(194, 'Rebecca', 'female.jpg', 'member613620', 'pass5393', '徐雅筑', '女', '2012-01-29', 'mail86634@test.com', '0918617167', 'D940121154', '2022-12-15 14:08:15', '2022-12-22 04:00:50'),
(195, 'Daisy', 'female.jpg', 'member507361', 'pass9585', '董宜庭', '女', '1988-07-11', 'mail88627@test.com', '0918642860', 'D832902195', '2022-12-15 14:08:15', '2022-12-22 23:06:14'),
(196, 'Bella', 'female.jpg', 'member534430', 'pass1690', '馬怡君', '女', '1987-12-26', 'mail52600@test.com', '0918462526', 'C202342327', '2022-12-15 14:08:15', '2022-12-22 14:58:58'),
(197, 'Hank', 'male.jpg', 'member815748', 'pass2465', '鄧冠廷', '男', '2007-11-17', 'mail63975@test.com', '0918655732', 'B271259357', '2022-12-15 14:08:15', '2022-12-22 02:02:26'),
(198, 'Robert', 'male.jpg', 'member134461', 'pass1745', '胡彥廷', '男', '2005-01-09', 'mail18790@test.com', '0918928650', 'A971716119', '2022-12-15 14:08:15', '2022-12-22 19:39:17'),
(199, 'Gary', 'male.jpg', 'member218160', 'pass1336', '周家豪', '男', '2009-05-27', 'mail19559@test.com', '0918580620', 'C210744512', '2022-12-15 14:08:15', '2022-12-23 19:46:01'),
(200, 'Rebecca', 'female.jpg', 'member588502', 'pass9131', '鄭郁婷', '女', '2006-02-16', 'mail93202@test.com', '0918679591', 'C616375408', '2022-12-15 14:08:15', '2022-12-23 07:24:48'),
(201, 'Flora', 'female.jpg', 'member932650', 'pass7037', '周詩涵', '女', '1993-10-06', 'mail90213@test.com', '0918656057', 'B875965866', '2022-12-15 14:08:15', '2022-12-22 19:22:53'),
(202, 'Hank', 'male.jpg', 'member625085', 'pass8037', '劉彥廷', '男', '1992-06-30', 'mail84810@test.com', '0918768739', 'B789597324', '2022-12-15 14:08:15', '2022-12-22 07:42:05'),
(203, 'Gary', 'male.jpg', 'member104433', 'pass6536', '陳承翰', '男', '1988-12-30', 'mail19391@test.com', '0918319918', 'A339308864', '2022-12-15 14:08:15', '2022-12-22 01:25:20'),
(204, 'Hank', 'male.jpg', 'member277838', 'pass9234', '林家豪', '男', '2018-10-03', 'mail43604@test.com', '0918247026', 'D445995696', '2022-12-15 14:08:15', '2022-12-23 22:58:17'),
(205, 'Kevin', 'male.jpg', 'member297156', 'pass6080', '何冠廷', '男', '2003-04-07', 'mail78257@test.com', '0918651887', 'B748924447', '2022-12-15 14:08:15', '2022-12-23 07:40:24'),
(206, 'Danny', 'male.jpg', 'member198770', 'pass3266', '鄧宗翰', '男', '1990-10-25', 'mail14742@test.com', '0918445971', 'B709415100', '2022-12-15 14:08:15', '2022-12-22 12:42:26'),
(207, 'Kitty', 'female.jpg', 'member486906', 'pass9343', '宋鈺婷', '女', '2000-04-27', 'mail90758@test.com', '0918289183', 'C397482705', '2022-12-15 14:08:15', '2022-12-22 16:08:05'),
(208, 'Eric', 'male.jpg', 'member518390', 'pass2111', '徐承翰', '男', '2018-01-22', 'mail47872@test.com', '0918180484', 'D953058997', '2022-12-15 14:08:15', '2022-12-22 10:40:42'),
(209, 'Kitty', 'female.jpg', 'member325708', 'pass4191', '於怡萱', '女', '2015-01-11', 'mail99369@test.com', '0918637975', 'A638112571', '2022-12-15 14:08:15', '2022-12-22 02:14:09'),
(210, 'Flora', 'female.jpg', 'member439247', 'pass6096', '何佳穎', '女', '2015-09-20', 'mail75945@test.com', '0918687504', 'C369574356', '2022-12-15 14:08:15', '2022-12-22 11:06:50'),
(211, 'Gary', 'male.jpg', 'member818044', 'pass2530', '韓柏翰', '男', '2001-12-20', 'mail43677@test.com', '0918663242', 'A201202675', '2022-12-15 14:08:15', '2022-12-22 22:47:09'),
(212, 'Eric', 'male.jpg', 'member909560', 'pass3077', '林柏翰', '男', '1999-12-20', 'mail98704@test.com', '0918276000', 'A313025639', '2022-12-15 14:08:15', '2022-12-23 07:54:24'),
(213, 'Rebecca', 'female.jpg', 'member146939', 'pass5970', '曾雅筑', '女', '2011-04-25', 'mail85822@test.com', '0918707582', 'C818712122', '2022-12-15 14:08:15', '2022-12-22 21:48:43'),
(214, 'Eric', 'male.jpg', 'member214168', 'pass6134', '鄧家瑋', '男', '2007-08-12', 'mail97224@test.com', '0918569665', 'D648127204', '2022-12-15 14:08:15', '2022-12-23 11:28:31'),
(215, 'Rebecca', 'female.jpg', 'member286290', 'pass1969', '彭宜庭', '女', '2015-02-12', 'mail82009@test.com', '0918423484', 'A198274568', '2022-12-15 14:08:15', '2022-12-22 23:49:51'),
(216, 'Rebecca', 'female.jpg', 'member981687', 'pass2143', '蕭佳穎', '女', '2009-05-07', 'mail22704@test.com', '0918222819', 'C704395930', '2022-12-15 14:08:15', '2022-12-23 17:50:18'),
(217, 'Flora', 'female.jpg', 'member103502', 'pass9021', '韓雅筑', '女', '2003-03-11', 'mail13730@test.com', '0918773491', 'A675552800', '2022-12-15 14:08:15', '2022-12-22 03:30:04'),
(218, 'Rebecca', 'female.jpg', 'member931636', 'pass6007', '許鈺婷', '女', '1995-10-22', 'mail63112@test.com', '0918142119', 'C457919887', '2022-12-15 14:08:15', '2022-12-22 19:07:41'),
(219, 'Rebecca', 'female.jpg', 'member882069', 'pass6201', '梁宜庭', '女', '1994-03-10', 'mail81069@test.com', '0918597895', 'C425540509', '2022-12-15 14:08:15', '2022-12-22 18:45:59'),
(220, 'Robert', 'male.jpg', 'member685987', 'pass3886', '郭承翰', '男', '1992-01-16', 'mail46976@test.com', '0918305760', 'B635713498', '2022-12-15 14:08:15', '2022-12-23 01:00:08'),
(221, 'Kitty', 'female.jpg', 'member566513', 'pass1650', '何怡萱', '女', '2006-10-26', 'mail34513@test.com', '0918914105', 'A115194859', '2022-12-15 14:08:15', '2022-12-23 09:22:51'),
(222, 'Hank', 'male.jpg', 'member530644', 'pass9605', '林家豪', '男', '1993-10-25', 'mail66061@test.com', '0918217717', 'D883201806', '2022-12-15 14:08:15', '2022-12-23 21:05:58'),
(223, 'Danny', 'male.jpg', 'member251184', 'pass1916', '王冠廷', '男', '2021-11-15', 'mail75813@test.com', '0918519061', 'B338707665', '2022-12-15 14:08:15', '2022-12-22 19:35:40'),
(224, 'Rebecca', 'female.jpg', 'member886180', 'pass8227', '林怡萱', '女', '2016-12-02', 'mail58007@test.com', '0918281244', 'B516092843', '2022-12-15 14:08:15', '2022-12-22 13:05:51'),
(225, 'Gary', 'male.jpg', 'member336764', 'pass5775', '曾冠廷', '男', '1988-08-21', 'mail45244@test.com', '0918877523', 'C849468308', '2022-12-15 14:08:15', '2022-12-23 08:43:06'),
(226, 'Eric', 'male.jpg', 'member910169', 'pass5789', '羅冠廷', '男', '2009-05-20', 'mail98450@test.com', '0918275841', 'C650183855', '2022-12-15 14:08:15', '2022-12-22 09:44:11'),
(227, 'Danny', 'male.jpg', 'member957335', 'pass6336', '曹冠廷', '男', '1991-11-10', 'mail29946@test.com', '0918314994', 'C924179783', '2022-12-15 14:08:15', '2022-12-23 13:01:06'),
(228, 'Rebecca', 'female.jpg', 'member769551', 'pass6193', '沈宜庭', '女', '2019-06-14', 'mail33993@test.com', '0918370922', 'A642995523', '2022-12-15 14:08:15', '2022-12-22 03:58:09'),
(229, 'Andy', 'male.jpg', 'member603425', 'pass1263', '郭家豪', '男', '1990-04-04', 'mail51846@test.com', '0918727630', 'B880125519', '2022-12-15 14:08:15', '2022-12-22 22:57:25'),
(230, 'Kevin', 'male.jpg', 'member898748', 'pass1246', '馬冠廷', '男', '1987-10-28', 'mail89545@test.com', '0918403719', 'A392905389', '2022-12-15 14:08:15', '2022-12-23 04:44:11'),
(231, 'Clare', 'female.jpg', 'member397299', 'pass1539', '唐怡萱', '女', '2012-11-08', 'mail81419@test.com', '0918439600', 'B888918881', '2022-12-15 14:08:15', '2022-12-22 17:27:04'),
(232, 'Hank', 'male.jpg', 'member786216', 'pass2297', '李彥廷', '男', '1991-06-22', 'mail33142@test.com', '0918294187', 'B341759592', '2022-12-15 14:08:15', '2022-12-23 06:03:16'),
(233, 'Clare', 'female.jpg', 'member672407', 'pass7760', '韓郁婷', '女', '2008-02-20', 'mail91802@test.com', '0918601285', 'C737468934', '2022-12-15 14:08:15', '2022-12-22 15:03:15'),
(234, 'Eric', 'male.jpg', 'member130941', 'pass1452', '沈彥廷', '男', '1993-03-13', 'mail20371@test.com', '0918244385', 'D893612645', '2022-12-15 14:08:15', '2022-12-23 03:23:44'),
(235, 'Kitty', 'female.jpg', 'member758322', 'pass7594', '唐雅婷', '女', '1996-11-30', 'mail93152@test.com', '0918786375', 'C454112162', '2022-12-15 14:08:15', '2022-12-22 09:20:38'),
(236, 'Kevin', 'male.jpg', 'member257182', 'pass3496', '於柏翰', '男', '2000-11-01', 'mail40163@test.com', '0918661414', 'A854253290', '2022-12-15 14:08:15', '2022-12-22 23:48:06'),
(237, 'Amy', 'female.jpg', 'member954616', 'pass9025', '程佳穎', '女', '2014-11-03', 'mail38147@test.com', '0918716486', 'A280257275', '2022-12-15 14:08:15', '2022-12-22 19:32:59'),
(238, 'Danny', 'male.jpg', 'member361322', 'pass1836', '於冠宇', '男', '2003-10-21', 'mail36025@test.com', '0918403212', 'C751840489', '2022-12-15 14:08:15', '2022-12-23 22:16:00'),
(239, 'Andy', 'male.jpg', 'member942281', 'pass5931', '高冠宇', '男', '2016-03-17', 'mail24853@test.com', '0918475359', 'B524389540', '2022-12-15 14:08:15', '2022-12-22 17:34:53'),
(240, 'Daisy', 'female.jpg', 'member727974', 'pass3548', '黃雅筑', '女', '1988-05-11', 'mail97508@test.com', '0918143219', 'D970851947', '2022-12-15 14:08:15', '2022-12-22 01:10:17'),
(241, 'Bella', 'female.jpg', 'member166687', 'pass5810', '傅怡萱', '女', '1988-11-04', 'mail27921@test.com', '0918414402', 'D134211602', '2022-12-15 14:08:15', '2022-12-22 09:15:16'),
(242, 'Andy', 'male.jpg', 'member476025', 'pass6118', '孫冠霖', '男', '1989-11-19', 'mail31551@test.com', '0918677912', 'D351158924', '2022-12-15 14:08:15', '2022-12-22 11:02:40'),
(243, 'Amy', 'female.jpg', 'member604155', 'pass9475', '何雅婷', '女', '2008-12-09', 'mail92599@test.com', '0918245796', 'D319404269', '2022-12-15 14:08:15', '2022-12-22 18:24:07'),
(244, 'Bella', 'female.jpg', 'member755211', 'pass3451', '何宜庭', '女', '1985-08-29', 'mail27226@test.com', '0918312169', 'D462843192', '2022-12-15 14:08:15', '2022-12-23 02:34:56'),
(245, 'Kitty', 'female.jpg', 'member212983', 'pass9210', '朱怡婷', '女', '2000-05-17', 'mail89012@test.com', '0918307402', 'D218794755', '2022-12-15 14:08:15', '2022-12-22 21:02:39'),
(246, 'Flora', 'female.jpg', 'member799074', 'pass3601', '韓鈺婷', '女', '2005-03-05', 'mail61962@test.com', '0918489524', 'B367174054', '2022-12-15 14:08:15', '2022-12-23 12:16:44'),
(247, 'Clare', 'female.jpg', 'member767143', 'pass2636', '馮怡萱', '女', '2020-06-14', 'mail10415@test.com', '0918747725', 'C536917778', '2022-12-15 14:08:15', '2022-12-22 08:06:19'),
(248, 'Daisy', 'female.jpg', 'member824664', 'pass7415', '劉佳穎', '女', '1993-05-30', 'mail22250@test.com', '0918337765', 'D709786995', '2022-12-15 14:08:15', '2022-12-23 03:29:42'),
(249, 'Rebecca', 'female.jpg', 'member174632', 'pass3710', '郭郁婷', '女', '2016-08-11', 'mail69821@test.com', '0918313030', 'B755717308', '2022-12-15 14:08:15', '2022-12-22 12:30:19'),
(250, 'Danny', 'male.jpg', 'member721024', 'pass5336', '羅宇軒', '男', '2007-04-03', 'mail85482@test.com', '0918430748', 'C994570176', '2022-12-15 14:08:15', '2022-12-22 03:14:20'),
(251, 'Gary', 'male.jpg', 'member253370', 'pass3024', '沈冠宇', '男', '1996-03-10', 'mail18027@test.com', '0918269807', 'D428510028', '2022-12-15 14:08:15', '2022-12-23 03:58:27'),
(252, 'Gary', 'male.jpg', 'member950970', 'pass6720', '董冠霖', '男', '2008-04-11', 'mail54674@test.com', '0918935489', 'C107703422', '2022-12-15 14:08:15', '2022-12-22 10:35:28'),
(253, 'Eric', 'male.jpg', 'member487279', 'pass6219', '梁承翰', '男', '2015-10-23', 'mail77654@test.com', '0918873854', 'C820587605', '2022-12-15 14:08:15', '2022-12-23 08:44:36'),
(254, 'Rebecca', 'female.jpg', 'member212301', 'pass7857', '鄧鈺婷', '女', '1994-09-19', 'mail99343@test.com', '0918989199', 'A196656254', '2022-12-15 14:08:15', '2022-12-22 22:52:22'),
(255, 'Hank', 'male.jpg', 'member598212', 'pass7862', '呂家豪', '男', '1993-04-19', 'mail23641@test.com', '0918378426', 'A933864853', '2022-12-15 14:08:15', '2022-12-22 11:49:38'),
(256, 'Gary', 'male.jpg', 'member955599', 'pass7389', '林家瑋', '男', '1999-06-01', 'mail74801@test.com', '0918784650', 'A484104318', '2022-12-15 14:08:15', '2022-12-23 19:55:59'),
(257, 'Amy', 'female.jpg', 'member906661', 'pass9659', '王詩涵', '女', '2017-10-27', 'mail11591@test.com', '0918168763', 'B271139746', '2022-12-15 14:08:15', '2022-12-23 02:37:06'),
(258, 'Kevin', 'male.jpg', 'member370985', 'pass3498', '馮宇軒', '男', '1997-06-01', 'mail74333@test.com', '0918541365', 'A974339874', '2022-12-15 14:08:15', '2022-12-22 19:05:35'),
(259, 'Eric', 'male.jpg', 'member422866', 'pass7391', '曾冠宇', '男', '1998-03-26', 'mail52936@test.com', '0918526907', 'B215832417', '2022-12-15 14:08:15', '2022-12-23 20:58:03'),
(260, 'Daisy', 'female.jpg', 'member748293', 'pass3829', '高佳穎', '女', '2005-12-02', 'mail12898@test.com', '0918392200', 'A968582724', '2022-12-15 14:08:15', '2022-12-23 22:05:56'),
(261, 'Robert', 'male.jpg', 'member521274', 'pass1919', '趙冠廷', '男', '2018-11-01', 'mail97336@test.com', '0918997378', 'C142304308', '2022-12-15 14:08:15', '2022-12-23 21:48:02'),
(262, 'Danny', 'male.jpg', 'member903845', 'pass2687', '徐家豪', '男', '2007-04-25', 'mail49690@test.com', '0918328809', 'B151556957', '2022-12-15 14:08:15', '2022-12-23 22:48:40'),
(263, 'Clare', 'female.jpg', 'member906935', 'pass4682', '周鈺婷', '女', '1989-10-29', 'mail80547@test.com', '0918342920', 'C401152968', '2022-12-15 14:08:15', '2022-12-22 15:00:36'),
(264, 'Daisy', 'female.jpg', 'member285310', 'pass4141', '謝雅婷', '女', '1992-01-17', 'mail96640@test.com', '0918865166', 'C739126544', '2022-12-15 14:08:15', '2022-12-22 10:09:59'),
(265, 'Kevin', 'male.jpg', 'member781439', 'pass8426', '梁冠霖', '男', '2011-02-26', 'mail79039@test.com', '0918278818', 'C553458743', '2022-12-15 14:08:15', '2022-12-22 13:24:03'),
(266, 'Flora', 'female.jpg', 'member900286', 'pass2316', '馬宜庭', '女', '1993-07-20', 'mail71767@test.com', '0918410503', 'D369782113', '2022-12-15 14:08:15', '2022-12-23 17:00:59'),
(267, 'Bella', 'female.jpg', 'member776813', 'pass8134', '高怡萱', '女', '2022-03-03', 'mail44280@test.com', '0918714475', 'D278691745', '2022-12-15 14:08:15', '2022-12-22 09:27:59'),
(268, 'Daisy', 'female.jpg', 'member782538', 'pass1129', '楊佳穎', '女', '1989-09-05', 'mail46488@test.com', '0918875780', 'A733731554', '2022-12-15 14:08:15', '2022-12-22 02:51:47'),
(269, 'Amy', 'female.jpg', 'member235965', 'pass1070', '陳怡君', '女', '2021-11-18', 'mail54583@test.com', '0918306399', 'B614024809', '2022-12-15 14:08:15', '2022-12-23 07:12:46'),
(270, 'Bella', 'female.jpg', 'member550162', 'pass2923', '高郁婷', '女', '2003-10-22', 'mail39496@test.com', '0918149365', 'D435867355', '2022-12-15 14:08:15', '2022-12-23 16:05:51'),
(271, 'Clare', 'female.jpg', 'member194329', 'pass6592', '韓佳穎', '女', '2018-12-13', 'mail68523@test.com', '0918438434', 'D115082507', '2022-12-15 14:08:15', '2022-12-23 17:05:13'),
(272, 'Robert', 'male.jpg', 'member935011', 'pass7159', '蕭承翰', '男', '2003-08-30', 'mail95239@test.com', '0918427031', 'C548332682', '2022-12-15 14:08:15', '2022-12-22 22:22:03'),
(273, 'Robert', 'male.jpg', 'member626098', 'pass2878', '高彥廷', '男', '2017-03-14', 'mail47966@test.com', '0918850742', 'D688575601', '2022-12-15 14:08:15', '2022-12-22 23:16:30'),
(274, 'Clare', 'female.jpg', 'member588404', 'pass9982', '鄧詩涵', '女', '1988-03-31', 'mail13891@test.com', '0918965432', 'B730541357', '2022-12-15 14:08:15', '2022-12-23 04:23:11'),
(275, 'Eric', 'male.jpg', 'member690493', 'pass8438', '唐冠宇', '男', '1988-08-05', 'mail26017@test.com', '0918853216', 'B384766446', '2022-12-15 14:08:15', '2022-12-22 16:16:11'),
(276, 'Robert', 'male.jpg', 'member496701', 'pass8031', '馬柏翰', '男', '2010-07-02', 'mail82277@test.com', '0918680471', 'D478739472', '2022-12-15 14:08:15', '2022-12-22 03:12:12'),
(277, 'Bella', 'female.jpg', 'member358735', 'pass6193', '高雅筑', '女', '1985-05-03', 'mail83046@test.com', '0918334088', 'D780578462', '2022-12-15 14:08:15', '2022-12-23 08:45:21'),
(278, 'Hank', 'male.jpg', 'member197795', 'pass4133', '林宇軒', '男', '2011-06-04', 'mail44455@test.com', '0918528498', 'D664955867', '2022-12-15 14:08:15', '2022-12-23 21:47:38'),
(279, 'Danny', 'male.jpg', 'member230423', 'pass9226', '馬宇軒', '男', '1993-08-17', 'mail81498@test.com', '0918944755', 'B941821190', '2022-12-15 14:08:15', '2022-12-22 20:28:02'),
(280, 'Andy', 'male.jpg', 'member404178', 'pass3147', '曾宇軒', '男', '1990-03-25', 'mail81369@test.com', '0918672151', 'C103258479', '2022-12-15 14:08:15', '2022-12-22 23:11:46'),
(281, 'Danny', 'male.jpg', 'member237747', 'pass5704', '徐柏翰', '男', '1991-04-17', 'mail72032@test.com', '0918403138', 'B790590755', '2022-12-15 14:08:15', '2022-12-23 02:34:08'),
(282, 'Flora', 'female.jpg', 'member352543', 'pass8299', '劉怡君', '女', '2021-08-08', 'mail66675@test.com', '0918136413', 'B268219587', '2022-12-15 14:08:15', '2022-12-22 06:56:32');
INSERT INTO `member` (`membersid`, `memNickName`, `memHeadshot`, `memAccount`, `memPassword`, `memName`, `memGender`, `memBirth`, `memEmail`, `memMobile`, `memIdentity`, `memCreatAt`, `memEditAt`) VALUES
(283, 'Andy', 'male.jpg', 'member146247', 'pass7572', '謝冠宇', '男', '2015-12-05', 'mail33498@test.com', '0918357964', 'A724886471', '2022-12-15 14:08:15', '2022-12-23 07:01:14'),
(284, 'Bella', 'female.jpg', 'member969401', 'pass8434', '梁鈺婷', '女', '1995-08-10', 'mail29351@test.com', '0918222298', 'B341194124', '2022-12-15 14:08:15', '2022-12-23 00:46:48'),
(285, 'Kevin', 'male.jpg', 'member969345', 'pass7965', '楊家豪', '男', '2009-10-25', 'mail45088@test.com', '0918459756', 'C836076080', '2022-12-15 14:08:15', '2022-12-22 22:25:38'),
(286, 'Daisy', 'female.jpg', 'member175636', 'pass9239', '胡怡萱', '女', '2010-03-16', 'mail51845@test.com', '0918190207', 'C768533255', '2022-12-15 14:08:15', '2022-12-22 20:04:18'),
(287, 'Amy', 'female.jpg', 'member902890', 'pass8457', '蕭怡婷', '女', '2014-12-12', 'mail52109@test.com', '0918806818', 'A751450604', '2022-12-15 14:08:15', '2022-12-22 23:30:09'),
(288, 'Gary', 'male.jpg', 'member376595', 'pass1742', '李家瑋', '男', '1991-10-23', 'mail19504@test.com', '0918362588', 'D526346227', '2022-12-15 14:08:15', '2022-12-22 03:19:33'),
(289, 'Bella', 'female.jpg', 'member164280', 'pass9307', '沈郁婷', '女', '1987-01-16', 'mail81766@test.com', '0918115936', 'C326609800', '2022-12-15 14:08:15', '2022-12-23 03:14:32'),
(290, 'Danny', 'male.jpg', 'member137152', 'pass1699', '胡冠霖', '男', '2018-10-12', 'mail39255@test.com', '0918792396', 'B647572684', '2022-12-15 14:08:15', '2022-12-23 10:43:36'),
(291, 'Flora', 'female.jpg', 'member124391', 'pass3092', '宋詩涵', '女', '2006-05-11', 'mail40533@test.com', '0918827647', 'B555391550', '2022-12-15 14:08:15', '2022-12-23 16:13:16'),
(292, 'Hank', 'male.jpg', 'member210958', 'pass9888', '鄧家豪', '男', '1990-11-24', 'mail22996@test.com', '0918908621', 'D741793537', '2022-12-15 14:08:15', '2022-12-23 17:51:50'),
(293, 'Bella', 'female.jpg', 'member832368', 'pass2952', '鄧詩涵', '女', '2022-04-07', 'mail11780@test.com', '0918976590', 'A135480720', '2022-12-15 14:08:15', '2022-12-23 00:50:31'),
(294, 'Hank', 'male.jpg', 'member386623', 'pass8152', '曹家豪', '男', '1999-01-20', 'mail97056@test.com', '0918336123', 'C287438826', '2022-12-15 14:08:15', '2022-12-23 21:16:20'),
(295, 'Robert', 'male.jpg', 'member794421', 'pass6026', '徐家瑋', '男', '2013-12-30', 'mail93890@test.com', '0918769565', 'C277161038', '2022-12-15 14:08:15', '2022-12-22 09:40:56'),
(296, 'Flora', 'female.jpg', 'member603917', 'pass9165', '胡怡婷', '女', '2021-09-12', 'mail17512@test.com', '0918663055', 'A701151301', '2022-12-15 14:08:15', '2022-12-22 05:56:41'),
(297, 'Bella', 'female.jpg', 'member391012', 'pass6133', '鄧雅筑', '女', '1998-08-30', 'mail32966@test.com', '0918422394', 'A964237012', '2022-12-15 14:08:15', '2022-12-23 10:25:10'),
(298, 'Robert', 'male.jpg', 'member498173', 'pass6864', '沈冠廷', '男', '2000-09-02', 'mail47825@test.com', '0918895984', 'A152053950', '2022-12-15 14:08:15', '2022-12-23 18:52:02'),
(299, 'Amy', 'female.jpg', 'member520638', 'pass6655', '呂雅婷', '女', '2005-02-11', 'mail50864@test.com', '0918758764', 'D736049527', '2022-12-15 14:08:15', '2022-12-22 16:15:15'),
(300, 'Kevin', 'male.jpg', 'member690023', 'pass3914', '袁冠宇', '男', '1991-01-24', 'mail52053@test.com', '0918258348', 'B209608839', '2022-12-15 14:08:15', '2022-12-23 20:53:03'),
(301, 'Andy', 'male.jpg', 'member251670', 'pass1026', '袁冠宇', '男', '2018-05-30', 'mail36691@test.com', '0918738579', 'D809619470', '2022-12-15 14:08:15', '2022-12-22 06:47:49'),
(302, 'Eric', 'male.jpg', 'member199125', 'pass9591', '林冠廷', '男', '2022-03-09', 'mail17649@test.com', '0918487646', 'B683130938', '2022-12-15 14:08:15', '2022-12-23 05:42:10'),
(303, 'Eric', 'male.jpg', 'member647361', 'pass6772', '林家瑋', '男', '1985-06-06', 'mail84912@test.com', '0918145315', 'A201499248', '2022-12-15 14:08:15', '2022-12-23 14:49:16'),
(304, 'Kitty', 'female.jpg', 'member733473', 'pass8994', '林郁婷', '女', '1996-03-04', 'mail59190@test.com', '0918421244', 'D765969766', '2022-12-15 14:08:15', '2022-12-23 12:20:49'),
(305, 'Daisy', 'female.jpg', 'member269759', 'pass5769', '徐怡婷', '女', '2022-09-19', 'mail83444@test.com', '0918939112', 'D443542995', '2022-12-15 14:08:15', '2022-12-23 19:59:29'),
(306, 'Eric', 'male.jpg', 'member452659', 'pass5805', '梁彥廷', '男', '2015-03-23', 'mail88062@test.com', '0918191941', 'A266981392', '2022-12-15 14:08:15', '2022-12-22 10:19:59'),
(307, 'Danny', 'male.jpg', 'member578803', 'pass7104', '呂宗翰', '男', '2017-08-06', 'mail52110@test.com', '0918128908', 'D525318842', '2022-12-15 14:08:15', '2022-12-22 22:48:46'),
(308, 'Andy', 'male.jpg', 'member290336', 'pass4224', '張彥廷', '男', '2020-06-29', 'mail34473@test.com', '0918121290', 'A569541039', '2022-12-15 14:08:15', '2022-12-23 10:37:58'),
(309, 'Hank', 'male.jpg', 'member789103', 'pass7992', '於家瑋', '男', '2007-05-04', 'mail96073@test.com', '0918358129', 'B694516494', '2022-12-15 14:08:15', '2022-12-23 09:54:27'),
(310, 'Robert', 'male.jpg', 'member117141', 'pass4300', '馮家豪', '男', '1988-02-12', 'mail74218@test.com', '0918459103', 'C813984864', '2022-12-15 14:08:15', '2022-12-22 07:01:19'),
(311, 'Robert', 'male.jpg', 'member381089', 'pass8466', '沈彥廷', '男', '1995-07-29', 'mail98186@test.com', '0918582765', 'D600811315', '2022-12-15 14:08:15', '2022-12-23 14:10:31'),
(312, 'Kevin', 'male.jpg', 'member405929', 'pass3140', '傅宇軒', '男', '2005-08-15', 'mail11962@test.com', '0918525272', 'A554284800', '2022-12-15 14:08:15', '2022-12-23 16:09:23'),
(313, 'Kitty', 'female.jpg', 'member610341', 'pass2495', '朱鈺婷', '女', '1986-05-09', 'mail60301@test.com', '0918356412', 'C928011349', '2022-12-15 14:08:15', '2022-12-23 08:37:41'),
(314, 'Clare', 'female.jpg', 'member405146', 'pass1280', '朱郁婷', '女', '1991-01-11', 'mail20530@test.com', '0918774217', 'D478079725', '2022-12-15 14:08:15', '2022-12-23 12:35:58'),
(315, 'Eric', 'male.jpg', 'member678786', 'pass6352', '王冠宇', '男', '1990-02-22', 'mail47417@test.com', '0918255435', 'B280356083', '2022-12-15 14:08:15', '2022-12-22 04:01:20'),
(316, 'Kevin', 'male.jpg', 'member908885', 'pass7482', '曾承翰', '男', '2009-02-08', 'mail70381@test.com', '0918440675', 'D760136900', '2022-12-15 14:08:15', '2022-12-23 16:12:09'),
(317, 'Daisy', 'female.jpg', 'member862643', 'pass6570', '李宜庭', '女', '2017-04-03', 'mail65831@test.com', '0918383239', 'A446295647', '2022-12-15 14:08:15', '2022-12-22 16:11:52'),
(318, 'Kitty', 'female.jpg', 'member977569', 'pass6974', '郭宜庭', '女', '2016-12-23', 'mail66980@test.com', '0918154821', 'B373941907', '2022-12-15 14:08:15', '2022-12-23 07:35:14'),
(319, 'Daisy', 'female.jpg', 'member652918', 'pass5721', '孫詩涵', '女', '2018-05-30', 'mail76893@test.com', '0918237251', 'B125222604', '2022-12-15 14:08:15', '2022-12-22 07:23:23'),
(320, 'Eric', 'male.jpg', 'member257373', 'pass2039', '孫宇軒', '男', '2005-05-17', 'mail75761@test.com', '0918308782', 'B816904413', '2022-12-15 14:08:15', '2022-12-23 06:17:30'),
(321, 'Andy', 'male.jpg', 'member949927', 'pass2371', '王冠霖', '男', '2021-01-23', 'mail88832@test.com', '0918249821', 'D622850892', '2022-12-15 14:08:15', '2022-12-23 00:48:12'),
(322, 'Amy', 'female.jpg', 'member511234', 'pass6869', '李雅婷', '女', '2009-08-01', 'mail14428@test.com', '0918506526', 'C554088277', '2022-12-15 14:08:15', '2022-12-22 17:48:54'),
(323, 'Danny', 'male.jpg', 'member358216', 'pass7204', '袁家瑋', '男', '2008-05-05', 'mail98440@test.com', '0918635566', 'C964571434', '2022-12-15 14:08:15', '2022-12-23 21:54:56'),
(324, 'Amy', 'female.jpg', 'member749762', 'pass8496', '張郁婷', '女', '2009-07-24', 'mail40791@test.com', '0918841244', 'B206982540', '2022-12-15 14:08:15', '2022-12-22 19:53:26'),
(325, 'Clare', 'female.jpg', 'member295621', 'pass3484', '王郁婷', '女', '1991-10-22', 'mail22128@test.com', '0918521283', 'A424469754', '2022-12-15 14:08:15', '2022-12-22 05:44:34'),
(326, 'Danny', 'male.jpg', 'member437128', 'pass1169', '許承翰', '男', '1995-08-02', 'mail57470@test.com', '0918947494', 'C835566330', '2022-12-15 14:08:15', '2022-12-23 19:16:53'),
(327, 'Flora', 'female.jpg', 'member576396', 'pass7422', '鄭雅婷', '女', '2007-12-01', 'mail68339@test.com', '0918547639', 'C867133860', '2022-12-15 14:08:15', '2022-12-22 02:46:18'),
(328, 'Daisy', 'female.jpg', 'member226276', 'pass6821', '郭雅筑', '女', '1992-12-29', 'mail35040@test.com', '0918489138', 'A545752555', '2022-12-15 14:08:15', '2022-12-23 13:25:39'),
(329, 'Hank', 'male.jpg', 'member373491', 'pass4735', '彭冠宇', '男', '2000-07-18', 'mail63091@test.com', '0918264673', 'B228193811', '2022-12-15 14:08:15', '2022-12-22 05:59:57'),
(330, 'Gary', 'male.jpg', 'member824557', 'pass5706', '趙承翰', '男', '1998-09-20', 'mail50880@test.com', '0918690771', 'B838896928', '2022-12-15 14:08:15', '2022-12-22 03:59:47'),
(331, 'Daisy', 'female.jpg', 'member343781', 'pass1563', '於郁婷', '女', '2010-02-28', 'mail43788@test.com', '0918313514', 'B790996495', '2022-12-15 14:08:15', '2022-12-22 01:16:53'),
(332, 'Robert', 'male.jpg', 'member795959', 'pass2327', '何承翰', '男', '2015-09-22', 'mail64325@test.com', '0918828772', 'D827709429', '2022-12-15 14:08:15', '2022-12-23 15:03:32'),
(333, 'Flora', 'female.jpg', 'member988666', 'pass7738', '曾詩涵', '女', '2003-06-11', 'mail74898@test.com', '0918444796', 'C273952195', '2022-12-15 14:08:15', '2022-12-23 23:30:42'),
(334, 'Kevin', 'male.jpg', 'member618133', 'pass9169', '羅宗翰', '男', '2009-01-15', 'mail92237@test.com', '0918777876', 'A730260910', '2022-12-15 14:08:15', '2022-12-23 17:03:58'),
(335, 'Danny', 'male.jpg', 'member508360', 'pass2839', '謝彥廷', '男', '2006-09-20', 'mail73078@test.com', '0918812752', 'B418851368', '2022-12-15 14:08:15', '2022-12-22 03:11:10'),
(336, 'Hank', 'male.jpg', 'member270126', 'pass1147', '趙柏翰', '男', '2013-12-20', 'mail43118@test.com', '0918882522', 'A130062799', '2022-12-15 14:08:15', '2022-12-22 09:06:33'),
(337, 'Eric', 'male.jpg', 'member463679', 'pass5746', '何彥廷', '男', '2018-01-02', 'mail66781@test.com', '0918542957', 'A739497205', '2022-12-15 14:08:15', '2022-12-22 12:44:15'),
(338, 'Daisy', 'female.jpg', 'member161680', 'pass5990', '劉宜庭', '女', '2021-11-19', 'mail47606@test.com', '0918849204', 'B977175656', '2022-12-15 14:08:15', '2022-12-23 21:23:52'),
(339, 'Rebecca', 'female.jpg', 'member166370', 'pass3252', '鄭怡君', '女', '1997-05-25', 'mail25606@test.com', '0918243084', 'D153743584', '2022-12-15 14:08:15', '2022-12-23 15:07:06'),
(340, 'Hank', 'male.jpg', 'member342905', 'pass1654', '黃宇軒', '男', '1989-11-02', 'mail68709@test.com', '0918800844', 'A965956105', '2022-12-15 14:08:15', '2022-12-22 19:39:51'),
(341, 'Andy', 'male.jpg', 'member545425', 'pass2907', '宋柏翰', '男', '2018-08-14', 'mail31722@test.com', '0918560351', 'D945183326', '2022-12-15 14:08:15', '2022-12-22 16:47:49'),
(342, 'Daisy', 'female.jpg', 'member668592', 'pass2765', '謝雅婷', '女', '1991-05-17', 'mail34275@test.com', '0918945445', 'A965340314', '2022-12-15 14:08:15', '2022-12-23 04:37:53'),
(343, 'Robert', 'male.jpg', 'member662792', 'pass9863', '沈家豪', '男', '2011-10-02', 'mail64525@test.com', '0918799122', 'A983669337', '2022-12-15 14:08:15', '2022-12-22 04:43:54'),
(344, 'Rebecca', 'female.jpg', 'member462357', 'pass4914', '張怡君', '女', '2005-12-21', 'mail28773@test.com', '0918224316', 'B292420910', '2022-12-15 14:08:15', '2022-12-22 11:10:07'),
(345, 'Andy', 'male.jpg', 'member558516', 'pass4603', '蕭承翰', '男', '1989-08-04', 'mail37571@test.com', '0918502266', 'A715024204', '2022-12-15 14:08:15', '2022-12-23 23:52:56'),
(346, 'Kevin', 'male.jpg', 'member669017', 'pass9578', '蕭彥廷', '男', '2015-04-13', 'mail26144@test.com', '0918264161', 'B807403803', '2022-12-15 14:08:15', '2022-12-22 21:52:05'),
(347, 'Andy', 'male.jpg', 'member793914', 'pass7826', '吳宇軒', '男', '2015-05-08', 'mail19155@test.com', '0918346637', 'C857555760', '2022-12-15 14:08:15', '2022-12-22 23:17:27'),
(348, 'Flora', 'female.jpg', 'member804062', 'pass7537', '陳宜庭', '女', '2005-10-03', 'mail92386@test.com', '0918189405', 'B690600513', '2022-12-15 14:08:15', '2022-12-22 16:08:08'),
(349, 'Gary', 'male.jpg', 'member829657', 'pass6792', '呂家豪', '男', '1986-06-17', 'mail69898@test.com', '0918877369', 'D550139764', '2022-12-15 14:08:15', '2022-12-23 05:01:18'),
(350, 'Flora', 'female.jpg', 'member487588', 'pass9728', '羅詩涵', '女', '1986-01-20', 'mail89112@test.com', '0918930815', 'C777123366', '2022-12-15 14:08:15', '2022-12-23 14:20:47'),
(351, 'Hank', 'male.jpg', 'member360805', 'pass3637', '王彥廷', '男', '2016-09-15', 'mail91610@test.com', '0918729556', 'A260533635', '2022-12-15 14:08:15', '2022-12-23 08:05:31'),
(352, 'Bella', 'female.jpg', 'member895048', 'pass5006', '董怡婷', '女', '2004-01-06', 'mail24381@test.com', '0918537435', 'C834862726', '2022-12-15 14:08:15', '2022-12-23 09:49:25'),
(353, 'Gary', 'male.jpg', 'member480406', 'pass7980', '馮冠宇', '男', '2012-03-29', 'mail45476@test.com', '0918231315', 'D721003817', '2022-12-15 14:08:15', '2022-12-23 22:21:41'),
(354, 'Hank', 'male.jpg', 'member592025', 'pass5424', '王冠廷', '男', '1998-05-14', 'mail38572@test.com', '0918188175', 'B723418814', '2022-12-15 14:08:15', '2022-12-23 20:06:43'),
(355, 'Kitty', 'female.jpg', 'member787805', 'pass8648', '唐鈺婷', '女', '1987-07-01', 'mail36289@test.com', '0918630428', 'A256186389', '2022-12-15 14:08:15', '2022-12-22 08:20:05'),
(356, 'Amy', 'female.jpg', 'member807089', 'pass3586', '唐怡婷', '女', '2010-05-25', 'mail21243@test.com', '0918284771', 'B196442990', '2022-12-15 14:08:15', '2022-12-22 09:40:13'),
(357, 'Bella', 'female.jpg', 'member933455', 'pass5570', '程怡君', '女', '1996-12-06', 'mail11355@test.com', '0918104380', 'D884271282', '2022-12-15 14:08:15', '2022-12-22 11:53:28'),
(358, 'Eric', 'male.jpg', 'member283393', 'pass8951', '韓冠霖', '男', '1995-01-18', 'mail22005@test.com', '0918475414', 'A286346876', '2022-12-15 14:08:15', '2022-12-22 22:55:19'),
(359, 'Andy', 'male.jpg', 'member602275', 'pass8351', '孫家瑋', '男', '2004-07-22', 'mail20273@test.com', '0918305738', 'D550052357', '2022-12-15 14:08:15', '2022-12-23 20:30:46'),
(360, 'Kitty', 'female.jpg', 'member566774', 'pass6172', '李怡萱', '女', '2000-08-30', 'mail13701@test.com', '0918799621', 'C816414162', '2022-12-15 14:08:15', '2022-12-22 20:55:03'),
(361, 'Gary', 'male.jpg', 'member323475', 'pass9104', '林柏翰', '男', '1987-07-05', 'mail32257@test.com', '0918730509', 'C661767063', '2022-12-15 14:08:15', '2022-12-23 11:50:17'),
(362, 'Amy', 'female.jpg', 'member872550', 'pass3990', '彭佳穎', '女', '2001-05-01', 'mail30777@test.com', '0918643688', 'A512610326', '2022-12-15 14:08:15', '2022-12-22 16:47:09'),
(363, 'Clare', 'female.jpg', 'member787963', 'pass4339', '劉宜庭', '女', '2018-10-01', 'mail75821@test.com', '0918961809', 'C566803648', '2022-12-15 14:08:15', '2022-12-23 05:52:58'),
(364, 'Flora', 'female.jpg', 'member590486', 'pass2096', '孫怡萱', '女', '2004-09-10', 'mail74478@test.com', '0918683023', 'C453140761', '2022-12-15 14:08:15', '2022-12-23 19:35:22'),
(365, 'Hank', 'male.jpg', 'member219235', 'pass3196', '胡冠廷', '男', '2002-05-20', 'mail81695@test.com', '0918305659', 'D208630048', '2022-12-15 14:08:15', '2022-12-23 14:14:57'),
(366, 'Daisy', 'female.jpg', 'member982615', 'pass3863', '董怡婷', '女', '2021-10-08', 'mail61072@test.com', '0918982357', 'B726284547', '2022-12-15 14:08:15', '2022-12-22 18:05:10'),
(367, 'Flora', 'female.jpg', 'member752416', 'pass3647', '林鈺婷', '女', '1993-12-07', 'mail41058@test.com', '0918565430', 'B822459683', '2022-12-15 14:08:15', '2022-12-22 12:51:36'),
(368, 'Gary', 'male.jpg', 'member264934', 'pass7654', '吳冠宇', '男', '2005-12-14', 'mail95459@test.com', '0918404856', 'C670735585', '2022-12-15 14:08:15', '2022-12-23 00:03:17'),
(369, 'Hank', 'male.jpg', 'member389612', 'pass2745', '周家瑋', '男', '2011-05-11', 'mail70966@test.com', '0918640904', 'A393313779', '2022-12-15 14:08:15', '2022-12-23 10:17:03'),
(370, 'Robert', 'male.jpg', 'member217918', 'pass4150', '曹宇軒', '男', '1991-09-06', 'mail22637@test.com', '0918356134', 'A832271333', '2022-12-15 14:08:15', '2022-12-23 18:02:39'),
(371, 'Hank', 'male.jpg', 'member698094', 'pass1418', '董家豪', '男', '2010-11-06', 'mail27707@test.com', '0918535074', 'C727322468', '2022-12-15 14:08:15', '2022-12-22 00:11:44'),
(372, 'Kevin', 'male.jpg', 'member173196', 'pass6299', '梁冠廷', '男', '1999-12-10', 'mail12579@test.com', '0918476369', 'D902198801', '2022-12-15 14:08:15', '2022-12-23 05:31:11'),
(373, 'Flora', 'female.jpg', 'member112206', 'pass1074', '劉郁婷', '女', '2013-12-15', 'mail37837@test.com', '0918827278', 'B678888047', '2022-12-15 14:08:15', '2022-12-22 16:24:04'),
(374, 'Robert', 'male.jpg', 'member597562', 'pass1064', '彭承翰', '男', '2005-03-08', 'mail76107@test.com', '0918803662', 'C126265369', '2022-12-15 14:08:15', '2022-12-22 16:16:47'),
(375, 'Amy', 'female.jpg', 'member552428', 'pass1438', '程雅筑', '女', '1997-09-21', 'mail17262@test.com', '0918303520', 'A587033218', '2022-12-15 14:08:15', '2022-12-23 03:00:55'),
(376, 'Bella', 'female.jpg', 'member104191', 'pass8664', '沈雅筑', '女', '2021-11-12', 'mail12979@test.com', '0918289482', 'C198770406', '2022-12-15 14:08:15', '2022-12-23 04:13:59'),
(377, 'Kitty', 'female.jpg', 'member688544', 'pass2024', '郭郁婷', '女', '2006-09-26', 'mail75694@test.com', '0918742497', 'A885594730', '2022-12-15 14:08:15', '2022-12-23 11:59:12'),
(378, 'Hank', 'male.jpg', 'member869824', 'pass5615', '胡彥廷', '男', '2019-09-27', 'mail39951@test.com', '0918675371', 'B140367606', '2022-12-15 14:08:15', '2022-12-23 15:33:23'),
(379, 'Kitty', 'female.jpg', 'member980214', 'pass4237', '朱郁婷', '女', '1993-05-26', 'mail85747@test.com', '0918180390', 'D309905825', '2022-12-15 14:08:15', '2022-12-23 06:21:13'),
(380, 'Andy', 'male.jpg', 'member894606', 'pass6116', '劉家瑋', '男', '1993-02-09', 'mail60639@test.com', '0918824664', 'C124587425', '2022-12-15 14:08:15', '2022-12-22 10:21:04'),
(381, 'Flora', 'female.jpg', 'member627622', 'pass3635', '呂佳穎', '女', '2022-02-26', 'mail89472@test.com', '0918746354', 'B988269408', '2022-12-15 14:08:15', '2022-12-22 08:27:55'),
(382, 'Gary', 'male.jpg', 'member920372', 'pass7328', '徐彥廷', '男', '2001-12-18', 'mail51728@test.com', '0918247986', 'D315168919', '2022-12-15 14:08:15', '2022-12-22 18:22:39'),
(383, 'Eric', 'male.jpg', 'member568547', 'pass5170', '彭冠霖', '男', '1998-02-16', 'mail72512@test.com', '0918888393', 'D812059970', '2022-12-15 14:08:15', '2022-12-22 10:03:45'),
(384, 'Kitty', 'female.jpg', 'member773592', 'pass4269', '郭鈺婷', '女', '2006-10-20', 'mail44354@test.com', '0918324162', 'C744416603', '2022-12-15 14:08:15', '2022-12-22 10:42:25'),
(385, 'Robert', 'male.jpg', 'member848605', 'pass8071', '蕭冠廷', '男', '1986-03-22', 'mail59669@test.com', '0918931680', 'A496222646', '2022-12-15 14:08:15', '2022-12-23 23:43:54'),
(386, 'Andy', 'male.jpg', 'member250287', 'pass7706', '唐冠霖', '男', '1996-01-29', 'mail79407@test.com', '0918721948', 'D100282161', '2022-12-15 14:08:15', '2022-12-23 14:41:54'),
(387, 'Kitty', 'female.jpg', 'member737486', 'pass1006', '唐雅筑', '女', '2014-10-19', 'mail98191@test.com', '0918292828', 'D840179535', '2022-12-15 14:08:15', '2022-12-22 23:00:55'),
(388, 'Amy', 'female.jpg', 'member183454', 'pass8491', '於詩涵', '女', '1992-06-06', 'mail64707@test.com', '0918735759', 'D104063198', '2022-12-15 14:08:15', '2022-12-22 01:14:22'),
(389, 'Eric', 'male.jpg', 'member856720', 'pass7254', '孫柏翰', '男', '1988-03-06', 'mail30508@test.com', '0918932165', 'D655175786', '2022-12-15 14:08:15', '2022-12-23 20:42:09'),
(390, 'Hank', 'male.jpg', 'member942975', 'pass8970', '黃冠宇', '男', '1996-07-24', 'mail88840@test.com', '0918693055', 'B211660281', '2022-12-15 14:08:15', '2022-12-23 16:48:59'),
(391, 'Clare', 'female.jpg', 'member922032', 'pass9194', '高郁婷', '女', '1999-05-11', 'mail86457@test.com', '0918406603', 'A384849365', '2022-12-15 14:08:15', '2022-12-23 07:17:07'),
(392, 'Clare', 'female.jpg', 'member635426', 'pass7071', '於佳穎', '女', '2012-08-14', 'mail88211@test.com', '0918989378', 'A578200362', '2022-12-15 14:08:15', '2022-12-23 21:34:45'),
(393, 'Kevin', 'male.jpg', 'member856541', 'pass7185', '袁柏翰', '男', '1985-03-13', 'mail21141@test.com', '0918154588', 'B218744944', '2022-12-15 14:08:15', '2022-12-22 13:41:15'),
(394, 'Robert', 'male.jpg', 'member541719', 'pass2560', '唐冠宇', '男', '2013-01-07', 'mail34802@test.com', '0918725890', 'B665905941', '2022-12-15 14:08:15', '2022-12-23 09:32:36'),
(395, 'Robert', 'male.jpg', 'member833735', 'pass1371', '馬冠宇', '男', '2020-06-30', 'mail76767@test.com', '0918987886', 'B733083008', '2022-12-15 14:08:15', '2022-12-23 06:29:46'),
(396, 'Andy', 'male.jpg', 'member230501', 'pass9513', '陳承翰', '男', '2013-11-14', 'mail77164@test.com', '0918159788', 'A149180099', '2022-12-15 14:08:15', '2022-12-22 09:24:13'),
(397, 'Kevin', 'male.jpg', 'member620752', 'pass6205', '曾冠宇', '男', '1998-06-27', 'mail55945@test.com', '0918186249', 'C752019896', '2022-12-15 14:08:15', '2022-12-23 22:31:24'),
(398, 'Amy', 'female.jpg', 'member822302', 'pass7018', '郭鈺婷', '女', '1985-03-12', 'mail88088@test.com', '0918252918', 'A519288904', '2022-12-15 14:08:15', '2022-12-23 06:01:21'),
(399, 'Bella', 'female.jpg', 'member456092', 'pass1264', '程怡君', '女', '2013-04-10', 'mail41749@test.com', '0918301064', 'C151404670', '2022-12-15 14:08:15', '2022-12-23 06:01:25'),
(400, 'Andy', 'male.jpg', 'member933354', 'pass1090', '沈宗翰', '男', '1993-02-07', 'mail61383@test.com', '0918976715', 'C233547514', '2022-12-15 14:08:15', '2022-12-22 19:59:44'),
(401, 'Andy', 'male.jpg', 'member128018', 'pass8649', '梁宗翰', '男', '2005-07-19', 'mail92395@test.com', '0918691285', 'B439769450', '2022-12-15 14:08:15', '2022-12-22 21:37:18'),
(402, 'Amy', 'female.jpg', 'member865766', 'pass9353', '羅鈺婷', '女', '2010-09-10', 'mail66552@test.com', '0918890949', 'C108468361', '2022-12-15 14:08:15', '2022-12-22 14:37:56'),
(403, 'Amy', 'female.jpg', 'member554125', 'pass2366', '梁怡婷', '女', '2017-01-06', 'mail18166@test.com', '0918529726', 'B802294630', '2022-12-15 14:08:15', '2022-12-22 09:40:29'),
(404, 'Clare', 'female.jpg', 'member360267', 'pass8968', '吳宜庭', '女', '1991-06-04', 'mail69381@test.com', '0918543045', 'D989181274', '2022-12-15 14:08:15', '2022-12-22 20:40:33'),
(405, 'Robert', 'male.jpg', 'member191297', 'pass2800', '韓冠宇', '男', '2017-02-07', 'mail83373@test.com', '0918881685', 'A932061047', '2022-12-15 14:08:15', '2022-12-22 23:07:32'),
(406, 'Gary', 'male.jpg', 'member376188', 'pass4412', '沈承翰', '男', '2007-04-07', 'mail99751@test.com', '0918185650', 'A718572025', '2022-12-15 14:08:15', '2022-12-23 10:14:20'),
(407, 'Daisy', 'female.jpg', 'member740196', 'pass1639', '林宜庭', '女', '1998-04-11', 'mail79147@test.com', '0918541972', 'C963012294', '2022-12-15 14:08:15', '2022-12-22 20:13:33'),
(408, 'Amy', 'female.jpg', 'member727036', 'pass6032', '馬詩涵', '女', '2015-06-14', 'mail21104@test.com', '0918935518', 'B182584981', '2022-12-15 14:08:15', '2022-12-22 09:12:28'),
(409, 'Flora', 'female.jpg', 'member482138', 'pass2302', '程雅婷', '女', '1993-08-14', 'mail69415@test.com', '0918913714', 'C399244051', '2022-12-15 14:08:15', '2022-12-22 11:59:47'),
(410, 'Rebecca', 'female.jpg', 'member639178', 'pass6374', '袁怡萱', '女', '2018-08-10', 'mail24237@test.com', '0918821675', 'C160516222', '2022-12-15 14:08:15', '2022-12-23 20:59:25'),
(411, 'Andy', 'male.jpg', 'member133411', 'pass6668', '呂冠宇', '男', '2011-07-17', 'mail26433@test.com', '0918849238', 'A799446900', '2022-12-15 14:08:15', '2022-12-22 01:31:06'),
(412, 'Daisy', 'female.jpg', 'member753954', 'pass3554', '呂佳穎', '女', '2002-07-20', 'mail39700@test.com', '0918247965', 'A928638010', '2022-12-15 14:08:15', '2022-12-22 23:41:54'),
(413, 'Gary', 'male.jpg', 'member962643', 'pass9717', '蕭彥廷', '男', '1987-04-17', 'mail99813@test.com', '0918619344', 'B579649880', '2022-12-15 14:08:15', '2022-12-22 11:42:32'),
(414, 'Hank', 'male.jpg', 'member835003', 'pass4367', '梁宗翰', '男', '2022-06-30', 'mail66288@test.com', '0918229653', 'A468280879', '2022-12-15 14:08:15', '2022-12-22 12:33:53'),
(415, 'Amy', 'female.jpg', 'member824302', 'pass7158', '吳詩涵', '女', '2008-08-30', 'mail35301@test.com', '0918964718', 'D890091685', '2022-12-15 14:08:15', '2022-12-22 19:49:07'),
(416, 'Gary', 'male.jpg', 'member186866', 'pass2135', '高彥廷', '男', '1998-12-16', 'mail14713@test.com', '0918410590', 'B360827151', '2022-12-15 14:08:15', '2022-12-22 21:03:39'),
(417, 'Hank', 'male.jpg', 'member417466', 'pass8149', '宋宇軒', '男', '1987-01-28', 'mail57685@test.com', '0918154983', 'C742240711', '2022-12-15 14:08:15', '2022-12-22 22:50:15'),
(418, 'Rebecca', 'female.jpg', 'member204830', 'pass7169', '朱詩涵', '女', '1990-06-27', 'mail42678@test.com', '0918523036', 'A261454836', '2022-12-15 14:08:15', '2022-12-23 21:37:29'),
(419, 'Clare', 'female.jpg', 'member740870', 'pass2895', '唐鈺婷', '女', '2015-07-24', 'mail26955@test.com', '0918652522', 'B767159938', '2022-12-15 14:08:15', '2022-12-23 12:33:16'),
(420, 'Daisy', 'female.jpg', 'member417022', 'pass9361', '徐怡君', '女', '1995-01-13', 'mail85498@test.com', '0918933945', 'B858877684', '2022-12-15 14:08:15', '2022-12-23 14:26:41'),
(421, 'Kevin', 'male.jpg', 'member974132', 'pass7626', '程家豪', '男', '1999-12-13', 'mail64297@test.com', '0918892487', 'B142226239', '2022-12-15 14:08:15', '2022-12-22 13:23:48'),
(422, 'Clare', 'female.jpg', 'member851474', 'pass6216', '許佳穎', '女', '2009-06-13', 'mail17267@test.com', '0918310571', 'A496275674', '2022-12-15 14:08:15', '2022-12-22 03:32:17'),
(423, 'Flora', 'female.jpg', 'member123266', 'pass9923', '韓佳穎', '女', '2018-05-20', 'mail44885@test.com', '0918795511', 'C326450800', '2022-12-15 14:08:15', '2022-12-23 21:39:15'),
(424, 'Daisy', 'female.jpg', 'member870015', 'pass3876', '謝鈺婷', '女', '1986-07-25', 'mail54121@test.com', '0918192602', 'D333729451', '2022-12-15 14:08:15', '2022-12-22 07:40:27'),
(425, 'Gary', 'male.jpg', 'member484147', 'pass8055', '鄧冠宇', '男', '2017-06-25', 'mail28454@test.com', '0918834181', 'D142491816', '2022-12-15 14:08:15', '2022-12-23 21:57:53'),
(426, 'Gary', 'male.jpg', 'member831864', 'pass1511', '馬彥廷', '男', '2005-09-14', 'mail16766@test.com', '0918252225', 'A810887151', '2022-12-15 14:08:15', '2022-12-22 07:44:20'),
(427, 'Amy', 'female.jpg', 'member533341', 'pass3748', '鄭宜庭', '女', '1994-08-16', 'mail63494@test.com', '0918463811', 'A990610359', '2022-12-15 14:08:15', '2022-12-23 10:19:50'),
(428, 'Eric', 'male.jpg', 'member385117', 'pass2477', '張柏翰', '男', '2011-04-16', 'mail63373@test.com', '0918998752', 'A719753638', '2022-12-15 14:08:15', '2022-12-22 00:08:39'),
(429, 'Flora', 'female.jpg', 'member157884', 'pass6314', '林佳穎', '女', '2000-12-20', 'mail88542@test.com', '0918721226', 'B345520935', '2022-12-15 14:08:15', '2022-12-22 19:30:13'),
(430, 'Clare', 'female.jpg', 'member925066', 'pass7571', '傅怡婷', '女', '2013-06-08', 'mail24958@test.com', '0918797911', 'D476950701', '2022-12-15 14:08:15', '2022-12-22 05:08:51'),
(431, 'Daisy', 'female.jpg', 'member287585', 'pass3538', '董怡萱', '女', '2001-06-25', 'mail52017@test.com', '0918721249', 'C205078165', '2022-12-15 14:08:15', '2022-12-23 22:16:28'),
(432, 'Kitty', 'female.jpg', 'member618681', 'pass3867', '何雅婷', '女', '2001-01-09', 'mail72818@test.com', '0918864375', 'C991516085', '2022-12-15 14:08:15', '2022-12-22 10:06:09'),
(433, 'Flora', 'female.jpg', 'member993830', 'pass8650', '張怡萱', '女', '2001-06-13', 'mail16113@test.com', '0918918322', 'A130741699', '2022-12-15 14:08:15', '2022-12-23 00:07:27'),
(434, 'Gary', 'male.jpg', 'member359019', 'pass3034', '王承翰', '男', '1991-02-04', 'mail83444@test.com', '0918838928', 'C126289572', '2022-12-15 14:08:15', '2022-12-23 13:50:47'),
(435, 'Eric', 'male.jpg', 'member361517', 'pass9629', '曹冠宇', '男', '1988-11-21', 'mail75996@test.com', '0918575176', 'A788235920', '2022-12-15 14:08:15', '2022-12-23 09:19:14'),
(436, 'Rebecca', 'female.jpg', 'member274335', 'pass5754', '張佳穎', '女', '1997-10-26', 'mail95959@test.com', '0918733011', 'B612909421', '2022-12-15 14:08:15', '2022-12-22 08:32:54'),
(437, 'Kitty', 'female.jpg', 'member987631', 'pass4874', '楊佳穎', '女', '2013-01-23', 'mail24472@test.com', '0918471956', 'C446568839', '2022-12-15 14:08:15', '2022-12-23 05:29:45'),
(438, 'Hank', 'male.jpg', 'member990762', 'pass4679', '梁宇軒', '男', '2009-04-15', 'mail77604@test.com', '0918611214', 'B376556043', '2022-12-15 14:08:15', '2022-12-22 06:47:54'),
(439, 'Danny', 'male.jpg', 'member473289', 'pass1335', '沈冠廷', '男', '1986-02-14', 'mail71193@test.com', '0918478395', 'A268017559', '2022-12-15 14:08:15', '2022-12-22 10:47:33'),
(440, 'Andy', 'male.jpg', 'member800571', 'pass6042', '袁冠廷', '男', '2011-10-29', 'mail88634@test.com', '0918940580', 'C833689199', '2022-12-15 14:08:15', '2022-12-22 13:14:50'),
(441, 'Gary', 'male.jpg', 'member428370', 'pass1217', '程冠霖', '男', '2013-11-29', 'mail98411@test.com', '0918495122', 'C708674693', '2022-12-15 14:08:15', '2022-12-23 13:55:28'),
(442, 'Hank', 'male.jpg', 'member769622', 'pass1817', '楊柏翰', '男', '2010-12-22', 'mail98764@test.com', '0918726767', 'C315209492', '2022-12-15 14:08:15', '2022-12-23 05:26:08'),
(443, 'Robert', 'male.jpg', 'member933215', 'pass5851', '傅彥廷', '男', '2016-09-16', 'mail87784@test.com', '0918973963', 'A569905908', '2022-12-15 14:08:15', '2022-12-23 21:28:28'),
(444, 'Kevin', 'male.jpg', 'member883451', 'pass5584', '鄧承翰', '男', '2008-05-02', 'mail41947@test.com', '0918915821', 'B851720096', '2022-12-15 14:08:15', '2022-12-22 01:54:09'),
(445, 'Clare', 'female.jpg', 'member592254', 'pass5529', '胡詩涵', '女', '1998-07-21', 'mail71447@test.com', '0918275541', 'D348695990', '2022-12-15 14:08:15', '2022-12-23 21:46:36'),
(446, 'Andy', 'male.jpg', 'member521993', 'pass1518', '周冠宇', '男', '2002-05-27', 'mail96711@test.com', '0918449829', 'D534682201', '2022-12-15 14:08:15', '2022-12-22 20:11:45'),
(447, 'Hank', 'male.jpg', 'member558786', 'pass7924', '徐冠霖', '男', '1992-01-08', 'mail61649@test.com', '0918731477', 'C354385689', '2022-12-15 14:08:15', '2022-12-23 11:28:26'),
(448, 'Kitty', 'female.jpg', 'member631884', 'pass3427', '董雅婷', '女', '2010-11-02', 'mail58257@test.com', '0918455947', 'B647720314', '2022-12-15 14:08:15', '2022-12-23 10:54:51'),
(449, 'Bella', 'female.jpg', 'member455304', 'pass8419', '林宜庭', '女', '2012-07-07', 'mail11009@test.com', '0918476267', 'B438386062', '2022-12-15 14:08:15', '2022-12-23 20:51:05'),
(450, 'Rebecca', 'female.jpg', 'member815579', 'pass1504', '林郁婷', '女', '2014-10-15', 'mail50928@test.com', '0918916154', 'A417136643', '2022-12-15 14:08:15', '2022-12-23 16:05:12'),
(451, 'Clare', 'female.jpg', 'member465604', 'pass2211', '彭雅婷', '女', '2002-05-21', 'mail76069@test.com', '0918927922', 'D610615583', '2022-12-15 14:08:15', '2022-12-23 14:30:18'),
(452, 'Daisy', 'female.jpg', 'member911584', 'pass9429', '黃佳穎', '女', '1992-07-27', 'mail51369@test.com', '0918940977', 'B583273585', '2022-12-15 14:08:15', '2022-12-22 02:45:46'),
(453, 'Rebecca', 'female.jpg', 'member306754', 'pass2492', '於怡婷', '女', '1986-11-02', 'mail62959@test.com', '0918276697', 'C108478691', '2022-12-15 14:08:15', '2022-12-22 11:22:04'),
(454, 'Clare', 'female.jpg', 'member788112', 'pass8613', '謝怡萱', '女', '2022-09-05', 'mail23831@test.com', '0918591608', 'D761756971', '2022-12-15 14:08:15', '2022-12-22 04:42:47'),
(455, 'Robert', 'male.jpg', 'member526687', 'pass7314', '楊家瑋', '男', '2015-06-30', 'mail93541@test.com', '0918716749', 'C497943520', '2022-12-15 14:08:15', '2022-12-23 09:09:40'),
(456, 'Hank', 'male.jpg', 'member534645', 'pass8617', '吳冠霖', '男', '2003-08-23', 'mail53978@test.com', '0918187294', 'D447727352', '2022-12-15 14:08:15', '2022-12-23 20:16:46'),
(457, 'Rebecca', 'female.jpg', 'member168894', 'pass5774', '周宜庭', '女', '2013-03-27', 'mail66375@test.com', '0918789663', 'B206015650', '2022-12-15 14:08:15', '2022-12-22 05:49:56'),
(458, 'Robert', 'male.jpg', 'member364295', 'pass4740', '傅冠宇', '男', '2012-06-16', 'mail76140@test.com', '0918887596', 'C795222618', '2022-12-15 14:08:15', '2022-12-23 05:32:09'),
(459, 'Andy', 'male.jpg', 'member857479', 'pass1247', '楊冠霖', '男', '2001-09-19', 'mail24461@test.com', '0918566466', 'D457092062', '2022-12-15 14:08:15', '2022-12-23 19:06:47'),
(460, 'Andy', 'male.jpg', 'member410679', 'pass1838', '呂冠廷', '男', '2007-02-19', 'mail31940@test.com', '0918902891', 'C425226697', '2022-12-15 14:08:15', '2022-12-23 13:27:12'),
(461, 'Danny', 'male.jpg', 'member586237', 'pass1238', '馮彥廷', '男', '1993-05-22', 'mail18568@test.com', '0918183025', 'B104215010', '2022-12-15 14:08:15', '2022-12-22 19:03:53'),
(462, 'Bella', 'female.jpg', 'member261157', 'pass9830', '朱鈺婷', '女', '2004-11-01', 'mail26986@test.com', '0918794048', 'A813724663', '2022-12-15 14:08:15', '2022-12-22 11:00:59'),
(463, 'Andy', 'male.jpg', 'member828445', 'pass7063', '鄧宇軒', '男', '2017-08-20', 'mail67544@test.com', '0918372066', 'C194986545', '2022-12-15 14:08:15', '2022-12-23 02:13:48'),
(464, 'Kevin', 'male.jpg', 'member311512', 'pass3197', '程宗翰', '男', '2018-06-25', 'mail99694@test.com', '0918898529', 'B824837377', '2022-12-15 14:08:15', '2022-12-22 15:30:44'),
(465, 'Kevin', 'male.jpg', 'member182438', 'pass4869', '鄭家瑋', '男', '2015-08-26', 'mail48671@test.com', '0918293303', 'C168033107', '2022-12-15 14:08:15', '2022-12-23 16:32:51'),
(466, 'Flora', 'female.jpg', 'member615172', 'pass4292', '林雅婷', '女', '1994-12-16', 'mail82041@test.com', '0918201348', 'D315107688', '2022-12-15 14:08:15', '2022-12-22 04:49:27'),
(467, 'Eric', 'male.jpg', 'member398721', 'pass1959', '謝宗翰', '男', '1992-05-21', 'mail52544@test.com', '0918976959', 'A544820747', '2022-12-15 14:08:15', '2022-12-22 11:45:28'),
(468, 'Kitty', 'female.jpg', 'member625397', 'pass9679', '彭佳穎', '女', '2008-08-18', 'mail70105@test.com', '0918174347', 'C355010695', '2022-12-15 14:08:15', '2022-12-22 20:13:50'),
(469, 'Kitty', 'female.jpg', 'member779626', 'pass5010', '郭雅婷', '女', '1987-11-29', 'mail24683@test.com', '0918573055', 'C719736815', '2022-12-15 14:08:15', '2022-12-23 00:05:27'),
(470, 'Kitty', 'female.jpg', 'member882297', 'pass4453', '何詩涵', '女', '2001-05-08', 'mail41723@test.com', '0918651183', 'C323450656', '2022-12-15 14:08:15', '2022-12-23 19:40:46'),
(471, 'Eric', 'male.jpg', 'member861459', 'pass9582', '徐彥廷', '男', '1997-05-23', 'mail16904@test.com', '0918173468', 'B133239369', '2022-12-15 14:08:15', '2022-12-22 01:15:11'),
(472, 'Rebecca', 'female.jpg', 'member176769', 'pass6055', '彭怡萱', '女', '1989-07-24', 'mail25172@test.com', '0918729312', 'D232054605', '2022-12-15 14:08:15', '2022-12-22 10:59:33'),
(473, 'Kitty', 'female.jpg', 'member178523', 'pass3089', '鄧詩涵', '女', '1986-05-25', 'mail84503@test.com', '0918652650', 'C292588920', '2022-12-15 14:08:15', '2022-12-23 10:45:12'),
(474, 'Eric', 'male.jpg', 'member476014', 'pass1132', '楊冠霖', '男', '2014-01-06', 'mail60750@test.com', '0918857035', 'B891093452', '2022-12-15 14:08:15', '2022-12-22 21:25:31'),
(475, 'Kevin', 'male.jpg', 'member290147', 'pass5924', '王冠廷', '男', '2015-05-18', 'mail64069@test.com', '0918308051', 'B908756584', '2022-12-15 14:08:15', '2022-12-22 04:05:15'),
(476, 'Hank', 'male.jpg', 'member356022', 'pass3151', '袁冠宇', '男', '1995-06-02', 'mail89486@test.com', '0918564626', 'C237077564', '2022-12-15 14:08:15', '2022-12-23 09:50:34'),
(477, 'Danny', 'male.jpg', 'member715266', 'pass6523', '林彥廷', '男', '2014-08-31', 'mail39006@test.com', '0918107905', 'C619747095', '2022-12-15 14:08:15', '2022-12-22 05:39:19'),
(478, 'Hank', 'male.jpg', 'member424865', 'pass8663', '何家豪', '男', '2014-02-22', 'mail95384@test.com', '0918289533', 'D118526884', '2022-12-15 14:08:15', '2022-12-23 05:11:47'),
(479, 'Robert', 'male.jpg', 'member911673', 'pass5723', '何柏翰', '男', '1993-02-25', 'mail16115@test.com', '0918130369', 'C964382946', '2022-12-15 14:08:15', '2022-12-23 04:13:01'),
(480, 'Kevin', 'male.jpg', 'member602439', 'pass9577', '梁冠宇', '男', '1993-09-22', 'mail64818@test.com', '0918431267', 'A485044622', '2022-12-15 14:08:15', '2022-12-22 22:17:52'),
(481, 'Kitty', 'female.jpg', 'member492084', 'pass9931', '呂怡君', '女', '2010-12-30', 'mail95924@test.com', '0918369545', 'B114764432', '2022-12-15 14:08:15', '2022-12-23 06:49:10'),
(482, 'Eric', 'male.jpg', 'member670158', 'pass4733', '何家瑋', '男', '2004-02-23', 'mail74116@test.com', '0918854366', 'A841896905', '2022-12-15 14:08:16', '2022-12-22 16:16:53'),
(483, 'Gary', 'male.jpg', 'member935718', 'pass9435', '趙家瑋', '男', '1991-05-25', 'mail27170@test.com', '0918325309', 'A330043781', '2022-12-15 14:08:16', '2022-12-23 07:10:45'),
(484, 'Rebecca', 'female.jpg', 'member788566', 'pass2147', '唐雅筑', '女', '2016-03-20', 'mail89741@test.com', '0918312537', 'C520241151', '2022-12-15 14:08:16', '2022-12-23 22:13:25'),
(485, 'Robert', 'male.jpg', 'member199511', 'pass2279', '林冠宇', '男', '1992-08-25', 'mail51087@test.com', '0918801483', 'A619752648', '2022-12-15 14:08:16', '2022-12-23 04:36:12'),
(486, 'Clare', 'female.jpg', 'member476879', 'pass7598', '劉怡萱', '女', '2022-10-18', 'mail90007@test.com', '0918490052', 'B966143989', '2022-12-15 14:08:16', '2022-12-23 14:37:24'),
(487, 'Danny', 'male.jpg', 'member665054', 'pass6040', '彭柏翰', '男', '1989-09-19', 'mail12465@test.com', '0918658944', 'C863350377', '2022-12-15 14:08:16', '2022-12-23 00:10:46'),
(488, 'Daisy', 'female.jpg', 'member464973', 'pass4879', '胡雅筑', '女', '2014-09-14', 'mail89986@test.com', '0918753289', 'A813096604', '2022-12-15 14:08:16', '2022-12-22 09:42:02'),
(489, 'Hank', 'male.jpg', 'member623741', 'pass3755', '林宇軒', '男', '1999-06-24', 'mail20953@test.com', '0918249463', 'B467586586', '2022-12-15 14:08:16', '2022-12-22 12:43:28'),
(490, 'Andy', 'male.jpg', 'member190664', 'pass8155', '何承翰', '男', '1998-10-09', 'mail25265@test.com', '0918445962', 'A678548205', '2022-12-15 14:08:16', '2022-12-22 05:45:28'),
(491, 'Clare', 'female.jpg', 'member126866', 'pass4842', '馮雅筑', '女', '2014-09-15', 'mail61432@test.com', '0918452525', 'C601771387', '2022-12-15 14:08:16', '2022-12-23 15:14:20'),
(492, 'Andy', 'male.jpg', 'member373321', 'pass4444', '蕭家瑋', '男', '2007-03-23', 'mail21114@test.com', '0918432214', 'A999837013', '2022-12-15 14:08:16', '2022-12-22 02:24:14'),
(493, 'Danny', 'male.jpg', 'member237431', 'pass2948', '宋柏翰', '男', '2004-04-06', 'mail23138@test.com', '0918505768', 'C532490566', '2022-12-15 14:08:16', '2022-12-23 11:40:03'),
(494, 'Andy', 'male.jpg', 'member276150', 'pass6070', '梁家豪', '男', '1987-12-12', 'mail32631@test.com', '0918100863', 'A427009550', '2022-12-15 14:08:16', '2022-12-23 06:05:47'),
(495, 'Robert', 'male.jpg', 'member939966', 'pass4395', '曾冠廷', '男', '1988-05-06', 'mail77566@test.com', '0918920269', 'C643257687', '2022-12-15 14:08:16', '2022-12-23 13:50:30'),
(496, 'Kitty', 'female.jpg', 'member707784', 'pass6941', '郭怡君', '女', '2016-09-28', 'mail73372@test.com', '0918471126', 'D642539148', '2022-12-15 14:08:16', '2022-12-22 20:50:37'),
(497, 'Danny', 'male.jpg', 'member939387', 'pass2108', '周宗翰', '男', '2017-02-16', 'mail19652@test.com', '0918445012', 'B197735548', '2022-12-15 14:08:16', '2022-12-23 13:17:03'),
(498, 'Robert', 'male.jpg', 'member577740', 'pass8308', '曾家豪', '男', '2012-07-25', 'mail33074@test.com', '0918772563', 'D597463914', '2022-12-15 14:08:16', '2022-12-23 11:35:12'),
(499, 'Bella', 'main.jpg', 'member566629', 'pass7558', '袁詩涵', '女', '2010-12-20', 'mail30084@test.com', '0918576892', 'A192128316', '2022-12-15 14:08:16', '2022-12-15 16:53:14'),
(511, 'B_B', '487285a7-13ce-4f89-a4c1-1c8d8f192fff.png', '12345678', '12345678', 'A_A', '男', '1994-12-15', '1212@yyag.com.tw', '0911011587', 'A124785957', '2023-03-12 19:09:01', '2023-03-12 19:47:04');

-- --------------------------------------------------------

--
-- 資料表結構 `order_summary`
--

CREATE TABLE `order_summary` (
  `orderSid` int(5) NOT NULL,
  `memberSid` int(4) NOT NULL COMMENT '會員編號',
  `gameSid` int(4) NOT NULL COMMENT '遊戲編號',
  `checkPrice` int(5) NOT NULL COMMENT '金額',
  `checkQuantity` int(2) NOT NULL COMMENT '遊玩人數',
  `orderState` int(255) NOT NULL COMMENT '訂單狀態',
  `orderTime` varchar(255) NOT NULL COMMENT '預約時間',
  `orderDate` varchar(255) NOT NULL,
  `orderUsername` varchar(255) NOT NULL,
  `orderPhone` varchar(255) NOT NULL,
  `orderAdress` varchar(255) NOT NULL,
  `orderEmail` varchar(255) NOT NULL,
  `orderRemark` varchar(255) DEFAULT NULL,
  `orderDiscount` int(11) DEFAULT NULL,
  `create_at` datetime NOT NULL
) ENGINE=InnoDB DEFAULT CHARSET=utf8mb4 COLLATE=utf8mb4_general_ci;

--
-- 傾印資料表的資料 `order_summary`
--

INSERT INTO `order_summary` (`orderSid`, `memberSid`, `gameSid`, `checkPrice`, `checkQuantity`, `orderState`, `orderTime`, `orderDate`, `orderUsername`, `orderPhone`, `orderAdress`, `orderEmail`, `orderRemark`, `orderDiscount`, `create_at`) VALUES
(1677779977, 555, 2, 2360, 3, 1, '11:00', '2023-3-15', '我是誰', '0911011821', '台北市松山區南京東路五段399號九樓11', 'mail39422@test.com', '', 1, '2023-03-03 00:00:00'),
(1677780068, 555, 193, 960, 3, 0, '11:00', '2023-3-4', '嬰兒', '0911011821', '台北市松山區南京東路五段399號九樓11', 'mail39422@test.com', '', 1, '2023-03-03 02:01:09'),
(1677795801, 555, 193, 1210, 3, 0, '15:30', '2023-3-18', '我是誰', '0911011821', '台北市松山區南京東路五段399號九樓11', 'mail39422@test.com', '', 2, '2023-03-03 06:23:21'),
(1678042667, 555, 206, 1960, 3, 0, '11:00', '2023-3-15', '我是誰', '0911011821', '台北市松山區南京東路五段399號九樓11', '1212@yyag.com.tw', '', 1, '2023-03-06 02:57:48'),
(1678129781, 555, 3, 3170, 3, 1, '14:30', '2023-3-17', '我是誰', '0911011821', '台北市松山區南京東路五段399號九樓11', 'mail39422@test.com', 'dsadsad', 3, '2023-03-07 03:09:42'),
(1678201691, 2, 1, 1480, 3, 1, '10:30', '2023-3-7', '我是誰', '0911011821', '台北市松山區南京東路五段399號九樓11', 'mail39422@test.com', '', 50, '2023-03-07 23:08:11'),
(1678224349, 1, 168, 1380, 3, 0, '11:30', '2023-3-23', '我是誰', '0911011821', '台北市松山區南京東路五段399號九樓11', 'mail39422@test.com', '', 50, '2023-03-08 05:25:49'),
(1678308410, 1, 168, 1180, 3, 0, '16:00', '2023-3-9', '我是誰', '0911011821', '台北市松山區南京東路五段399號九樓11', '1212@yyag.com.tw', '', 50, '2023-03-09 04:46:50'),
(1678308426, 1, 168, 1110, 3, 0, '16:00', '2023-3-9', '我是誰', '0911011821', '台北市松山區南京東路五段399號九樓11', '1212@yyag.com.tw', '', 4, '2023-03-09 04:47:06'),
(1678477121, 1, 168, 1360, 3, 0, '20:00', '2023-3-11', '爐石', '0911011821', '台北市松山區南京東路五段399號九樓11', '1212@yyag.com.tw', '', 1, '2023-03-11 03:38:41'),
(1678485322, 1, 193, 1430, 3, 0, '14:00', '2023-3-30', '我是誰', '0911011821', '台北市松山區南京東路五段399號九樓11', '1212@yyag.com.tw', '', 1, '2023-03-11 05:55:22'),
(1678485789, 1, 168, 1370, 3, 0, '12:00', '2023-3-11', '我是誰', '0911011821', '台北市松山區南京東路五段399號九樓11', '1212@yyag.com.tw', '', 3, '2023-03-11 06:03:09'),
(1678545045, 1, 168, 1150, 3, 0, '11:00', '2023-3-12', '我是誰', '0911011821', '台北市松山區南京東路五段399號九樓11', '1212@yyag.com.tw', '', 2, '2023-03-11 22:30:45'),
(1678545284, 1, 168, 1570, 3, 0, '14:00', '2023-3-12', '我是誰', '0911011821', '台北市松山區南京東路五段399號九樓', 'mail39422@test.com', '', 3, '2023-03-11 22:34:44'),
(1678560985, 1, 168, 1180, 3, 0, '18:30', '2023-3-12', '爐石', '0911011821', '台北市松山區南京東路五段399號九樓11', 'mail39422@test.com', '', 50, '2023-03-12 02:56:26'),
(1678564553, 1, 1, 1450, 3, 1, '13:00', '2023-3-12', '我是誰R', '0911011890', '台北市松山區南京東路五段399號九樓11', '1212@yyag.com.tw', '', 2, '2023-03-12 03:55:53'),
(1678570591, 508, 1, 1480, 3, 0, '16:30', '2023-3-12', '我是誰', '0911011821', '台北市松山區南京東路五段399號九樓11', '1212@yyag.com.tw', '5453', 50, '2023-03-12 05:36:31'),
(1678593547, 509, 155, 1430, 3, 0, '14:30', '2023-3-24', '我是誰', '0911011821', '台北市松山區南京東路五段399號九樓11', '1212@yyag.com.tw', '', 1, '2023-03-12 11:59:08'),
(1678621042, 511, 221, 1980, 3, 1, '13:00', '2023-3-12', '我是誰', '0911011821', '台北市松山區南京東路五段399號九樓11', '1212@yyag.com.tw', '', 50, '2023-03-12 19:37:22');

-- --------------------------------------------------------

--
-- 資料表結構 `sessions`
--

CREATE TABLE `sessions` (
  `session_id` varchar(128) CHARACTER SET utf8mb4 COLLATE utf8mb4_bin NOT NULL,
  `expires` int(11) UNSIGNED NOT NULL,
  `data` mediumtext CHARACTER SET utf8mb4 COLLATE utf8mb4_bin DEFAULT NULL
) ENGINE=InnoDB DEFAULT CHARSET=utf8mb4 COLLATE=utf8mb4_general_ci;

-- --------------------------------------------------------

--
-- 資料表結構 `store`
--

CREATE TABLE `store` (
  `storeSid` int(11) NOT NULL COMMENT '工作室編號',
  `storeName` varchar(50) NOT NULL COMMENT '工作室店名',
  `storeAccount` varchar(50) NOT NULL COMMENT '工作室帳號',
  `storePassword` varchar(50) NOT NULL COMMENT '工作室密碼',
  `storeLeader` varchar(50) NOT NULL COMMENT '工作室負責人',
  `storeLeaderId` varchar(10) NOT NULL COMMENT '工作室負責人身分證',
  `storeMobile` varchar(13) NOT NULL COMMENT '工作室電話號碼',
  `storeCity` varchar(3) NOT NULL COMMENT '縣市',
  `storeAddress` varchar(50) NOT NULL COMMENT '工作室地址',
  `storelat` varchar(255) DEFAULT NULL COMMENT '經度',
  `storelon` varchar(255) DEFAULT NULL COMMENT '緯度',
  `storeEmail` varchar(50) NOT NULL COMMENT '工作室信箱',
  `storeTime` varchar(15) NOT NULL COMMENT '工作室營業時間',
  `storeRest` varchar(255) DEFAULT NULL COMMENT '工作室公休時間',
  `storeWebsite` varchar(255) NOT NULL COMMENT '工作室官網',
  `storeLogo` varchar(255) NOT NULL COMMENT '工作室Logo',
  `storeNews` varchar(255) NOT NULL COMMENT '工作室資訊',
  `storeCreatedAt` datetime NOT NULL DEFAULT current_timestamp() COMMENT '新增時間',
  `storeEditAt` datetime NOT NULL DEFAULT current_timestamp() COMMENT '更新時間'
) ENGINE=InnoDB DEFAULT CHARSET=utf8mb4 COLLATE=utf8mb4_general_ci;

--
-- 傾印資料表的資料 `store`
--

INSERT INTO `store` (`storeSid`, `storeName`, `storeAccount`, `storePassword`, `storeLeader`, `storeLeaderId`, `storeMobile`, `storeCity`, `storeAddress`, `storelat`, `storelon`, `storeEmail`, `storeTime`, `storeRest`, `storeWebsite`, `storeLogo`, `storeNews`, `storeCreatedAt`, `storeEditAt`) VALUES
(1, '笨蛋工作室密室逃脫', 'hahaha999', 'qeony02277', '郭重源', 'B151398766', '02-87874387', '台北市', '台北市松山區南京東路五段399號九樓', '25.051750574685638', '121.56963105542764', 'hahaha999@gmail.com', '10:00-21:00', '', 'https://www.stupidparticle.com/?utm_source=EscapeBar&utm_medium=referral&utm_campaign=EscapeBarFirmPage', 'Logo01.jpg', '為什麼叫『笨蛋工作室』？\r\n\r\n我們認為，笨蛋是一種精神、一種勇氣！平常熱情瘋狂的我們，腦中充滿天馬行空的 idea，無論多瘋狂的創意，都要試著去實現。這就是StupidParticle的笨蛋精神！\r\n\r\n『笨蛋』也代表著無論如何，都要堅持快樂的勇氣，快樂永遠都是生活中最重要的元素，但有太多人因為忙碌的生活而失去了追逐快樂的勇氣。笨蛋工作室致力於開發最多元的娛樂方式，堅持原創，全新風格的玩法，身歷其境的臨場體驗，將帶給你前所未有的震撼！', '2022-12-10 09:10:00', '2023-03-08 05:17:48'),
(2, '哇沙謎創意工作室', 'rinn888', 'r610xy5xz0', '侯政澤', 'B151398766', '04-83421127', '台中市', '台中市北區永興街370號B1-4', '24.168293845474782', '120.68317835541639', 'rinn888@gmail.com', '10:00-22:00', '', 'https://www.facebook.com/wasabicreative/', 'Logo02.jpg', '??七月起，冒險王主題統一酌收訂金2000元！以保障工作室營運以及每一位想玩冒險王的玩家。\n??冒險王七∼十二月可預約的場次在預約系統上都看的到喔∼不能選擇擇的場次表示已經有人預約，如有釋出場次都會在我們的IG限時動態公告，大家可以多多關注我們??', '2022-12-10 11:10:00', '2022-12-10 11:30:00'),
(3, 'FunLock 放樂工作室', 'FunLock', 'd8mouyoh', '段毅祥', 'B154718171', '04-82429752', '台中市', '台中市西區公益路130號3樓', '24.1510666323307', '120.66048792361798', 'funlock@gmail.com', '13:00-21:00', '', 'https://funlockstudio.com/?utm_source=EscapeBar&utm_medium=referral&utm_campaign=EscapeBarFirmPage', 'Logo03.jpg', '活著就是要玩，玩出自己的人生！\n\n《FunLock活動創意社》成立於2013年，將原是網路解謎遊戲的密室逃脫搬到現實世界，推出第一代密室逃脫遊戲-「糖果屋脫出」，玩家必須在規定的時間內尋找關鍵線索 破解謎題，最終逃離房間。透過精心設計的機關，期許讓更多的玩家體驗到遊戲的樂趣！\n\n於2016年正名為《FunLock放樂工作室》', '2022-12-10 11:15:00', '2022-12-10 11:45:00'),
(4, '智慧獵人', 'apple0918', 'rs99qod5', '戴和宇', 'A111169799', '02-25337817', '台北市', '台北市中山區明水路581巷15號B1', '25.080331225681654', '121.55087715358181', 'apple0918@gmail.com', '10:00-22:00', '週四公休', 'https://www.wisdomhunter.me/?utm_source=EscapeBar&utm_medium=referral&utm_campaign=EscapeBarFirmPage', 'Logo04.jpg', '我們致力於將腦中的故事情境，無論是歡樂、溫馨或是驚悚、刺激，還是糾結、痛心的劇情，都能夠以電影般的特效呈現，在設計中不斷挑戰自己，期待能夠在每一款遊戲中創造出更多種不同的可能性。\n\n也期望每一位玩家不僅是因為遊戲體驗能夠笑著離開，更會因為智慧獵人每一位獨特的說書者「透明人」感到記憶深刻。', '2022-12-10 13:20:20', '2022-12-12 11:10:00'),
(5, '神不在場實境遊戲', 'bssardino123', 'q98069a1', '謝文中', 'J108310904', '02-25337817', '台北市', '台北市中山區明水路581巷15號B1', '25.08029235663239', '121.55099517076887', 'bssardino123@gmail.com', '13:00-22:00', '週四公休', 'https://www.taog-game.com/?utm_source=EscapeBar&utm_medium=referral&utm_campaign=EscapeBarFirmPage', 'Logo05.jpg', '關於神不在場實境遊戲\n我們是一群熱愛玩遊戲的人，所以也想能做出好玩的遊戲讓大家玩！\n\n於是開始致力創作有趣的實境遊戲，並且多方嘗試設計新型態的實體遊戲體驗。\n\n我們期待能在這科技發達、虛擬世界蓬勃的世代，\n\n能讓人與人之間的連結彼此貼近、與實體空間的互動更加緊密。', '2022-12-11 09:10:00', '2022-12-12 11:10:00'),
(6, 'LoGin密室逃脫', 'LoGin', 'jaxim292t', '蔡築萱', 'T205679577', '02-28404406', '新北市', '新北市中和區連城路52號4樓', '25.001960277887516', '121.49803936892148', 'login@gmail.com', '10:00-22:00', '', 'https://loginescape.com.tw/?utm_source=EscapeBar&utm_medium=referral&utm_campaign=EscapeBarFirmPage', 'Logo06.jpg', '用初心琢磨每一處細節的密室逃脫團隊－LoGin 登入工作室', '2022-12-12 11:10:00', '2022-12-12 11:10:00'),
(7, '邏思起子實境遊戲工作室', 'batra0423', 'dtaod4gg', '許唯鴻', 'A139546829', '02-54988799', '台北市', '台北市松山區南京東路五段66巷12弄10號', '25.050664080150586', '121.5601859535815', 'batra0423@gmail.com', '10:00-21:00', '', 'https://rostartgames.com/?utm_source=EscapeBar&utm_medium=referral&utm_campaign=EscapeBarFirmPage', 'Logo07.jpg', '我們是一群熱血的年輕人，充滿著對這個世界的奇思妙想。\n現在我們成立『邏思起子』\n希望把我們對生活中覺得有趣、酷炫的idea一點一滴的實現出來。\n如同一個簡單的羅賴把配上螺絲釘可以組裝起一間夢想城堡。\n在這個夢想空間中 我們想與玩家一起分享我們的創意、快樂與感動。\n因為你們的快樂就是我們的快樂', '2022-12-11 11:30:00', '2022-12-12 11:10:00'),
(8, '玩笑實驗室', 'dfef488151', 'lsvzxvb5ip', '廖怡昀', 'X222022725', '02-26598383', '台北市', '台北市內湖區內湖路一段136號1樓 ', '25.082898342321037', '121.5639753400874', 'dfef488151@gmail.com', '13:00-22:00', '', 'https://wanxiao.tw/?utm_source=EscapeBar&utm_medium=referral&utm_campaign=EscapeBarFirmPage', 'Logo08.png', '《玩笑》熱愛縝密設計活動\n從構思故事謎題、道具機關，雖然生產速度不快，\n但有自信帶給玩家有品質的體驗\n\n為什麼想開《玩笑》？\n因為做密室逃脫非常需要不斷地實驗與挑戰！\n我們打造的空間\n是能激發玩家想像力、團結力的益智活動\n我們的目標很簡單：讓玩家們跌！破！眼！鏡！\n瘋狂《玩》瘋狂《笑》', '2022-12-12 11:10:00', '2022-12-12 11:10:00'),
(9, '頂級豬排工作室', 'bobo567', 'oxju1091w', '鐘允逢', 'F145082662', '02-25332629', '台北市', '台北市萬華區康定路64號2樓/4樓/9樓', '25.042468746109485', '121.50227926892204', 'bobo567@gmail.com', '10:00-22:00', '', 'http://thekingpork.com/?action=index', 'Logo09.jpg', '頂級豬排遊戲工作室由一群熱愛遊戲的小夥伴組成，我們致力於形形色色各式各樣的主題，力求帶給來訪的玩家們新奇有趣的體驗。\n有些時候我們為了簡單的細節吵的不可開交；其他時候我們在腦力激盪後癱軟成一團，然後然後，在客人玩得開心露出笑容時在旁喜孜孜的唱跳著。\n繼續努力前進，希望大家會喜歡我們呈現的創意饗宴。', '2022-12-12 11:10:00', '2022-12-12 11:10:00'),
(10, 'Miss GAME', 'calderoni123', 'q4il773cd', '簡育凡', 'T141882185', '02-64063654', '台北市', '台北市中山區大直街9巷7弄4號1樓', '25.080966749535847', '121.54708598241714', 'calderoni123@gmail.com', '11:00-23:00', '', 'https://www.missgame.com.tw/?utm_source=EscapeBar&utm_medium=referral&utm_campaign=EscapeBarFirmPage', 'Logo10.jpg', 'Miss GAME(密室逃脫)自2013年暑假正式營運，係首度將密室逃脫依系列遊戲方式呈現之工作室，首創大型機關X故事情節X雙脫出！超越單純逃脫遊戲，更勝一場精采電影！\n\nMiss GAME期待透過每次的遊戲，不只讓玩家享受愉快的遊戲過程，更能帶走一個獨特的故事，並能傳遞正向並溫暖的訊息給每一位參與的人。', '2022-12-12 11:10:00', '2022-12-12 11:10:00'),
(11, '黑盒子工作室', 'horse0407', 'pluny80sd', '簡翔渝', 'W241691831', '04-22938533', '台中市', '台中市北區華美街二段236號B1', '24.170451302183917', '120.66704366891108', 'horse0407@gmail.com', '10:00-22:00', '週四公休', 'https://www.mindinblackbox.com/?utm_source=EscapeBar&utm_medium=referral&utm_campaign=EscapeBarFirmPage', 'Logo11.jpg', '挑戰固著思維/體驗全新故事/\n\n若人心是不可觸的黑盒子\n\n我們就是監製鑰匙的鎖匠\n\n為參與者打開黑色舞台的序幕\n\n讓人享受灰色腦細胞的衝突感', '2022-12-12 11:10:00', '2022-12-12 11:10:00'),
(12, '神話密室脫逃工坊', 'kioo84', 'ohnk3xnf3yk', '孫珮諠', 'K218275817', '04-22032113', '台中市', '台中市北區民權路559號4F ', '24.16192479567659', '120.67031205541667', 'kioo84@gmail.com', '13:00-21:00', '', 'https://www.facebook.com/MYTH.WorkingHouse/', 'Logo12.jpg', '\n準備好進入遠古神話的探險了嗎?\n傳說 宇宙初開，萬物復甦 人們口耳相傳的古老傳說 籠罩著神秘的色彩', '2022-12-12 11:10:00', '2022-12-12 11:10:00'),
(13, 'Escer異世客密室逃脫工作室', 'Escer67', 'j1e42hl52', '文智詳', 'B117851028', '04-91660236', '台中市', '台中市南區忠明南路758號4樓', '24.123339576274507', '120.65998755541614', 'escer67@gmail.com', '10:00-22:00', '週二公休', 'https://escer.com.tw/?utm_source=EscapeBar&utm_medium=referral&utm_campaign=EscapeBarFirmPage', 'Logo13.jpg', '以異世為名，希望大家可以暫時脫離現實，沉浸在想像的世界裡無法自拔\n說到逃脫，英文就會想到Escape，而縮寫正是ESC。以店名來講好像少了什麼，於是靈機一動，就在字尾加了er，變成了Escer-逃脫者，就這樣產生了自創詞，也正式成為我們的店名。而當初成立的宗旨就是希望可以讓玩家們享受我們精心設計的幻想世界裡，有種到了異世界的感覺，恰好Escer音譯聽起來很像異世客，跟我們的中心思想不謀而合!有種命運注定的感覺呢!', '2022-12-12 11:10:00', '2022-12-12 11:10:00'),
(14, '夢罟密室逃脫', 'dream', 'vf91yj0gt', '文婉玲', 'V231457021', '07-8621255', '高雄市', '高雄市三民區長明街311號', '22.63850530716717', '120.30412129772787', 'dream@gmail.com', '11:00-21:00', '', 'https://dreamcatcher311313.wixsite.com/mysite?utm_source=EscapeBar&utm_medium=referral&utm_campaign=EscapeBarFirmPage', 'Logo14.jpg', '夢罟，或稱捕夢網。\n捕夢網的用意為捕捉好夢，驅除壞夢。又有祈求平安帶來好運的意思。由三個喜愛密室逃脫的女孩子一點一滴的動手編織一個個美夢，期望將所有好夢帶給每個玩家。', '2022-12-12 11:10:00', '2022-12-12 11:10:00'),
(15, '說故事工作室', 'asdfg1234', 'k6h9bh', '呂雨晨', 'W230953017', '04-22953878', '台中市', '台中市北區山西路一段51號B1', '24.165661784390867', '120.67526478425178', 'asdfg1234@gmail.com', '13:00-22:00', '', 'https://www.facebook.com/SoGoodsStudio', 'Logo15.jpg', '一場密室逃脫就像一本故事書\nSo Goods 說故事工作室\n呈現許多精彩的故事\n邀請您踏入書本的奇幻世界中\n品味每一個時刻', '2022-12-12 11:10:00', '2022-12-12 11:10:00'),
(16, '夢遊王國', 'sleepgame', 'l3y405gtr', '趙芷汝', 'T219625612', '02-25529422', '台北市', '台北市大同區延平北路二段202號3樓', '25.058952952860135', '121.51138279520353', 'sleepgame@gmail.com', '10:00-21:00', '', 'https://dream94zz.com/?utm_source=EscapeBar&utm_medium=referral&utm_campaign=EscapeBarFirmPage', 'Logo16.jpg', '【夢遊王國 – 實境遊戲主題館】\n歡迎來到夢遊王國！\n在這裡，你可以體驗各式各樣的夢境；\n無論美夢惡夢，都將是無比真實的刺激冒險！', '2022-12-12 11:10:00', '2022-12-12 11:10:00'),
(17, '謎書狗工作室', 'doggame', 'vsj02spdv', '傅豐和', 'X157813009', '02-29069630', '台北市', '台北市長安東路二段215號5樓之8', '25.048399464176715', '121.54453282659257', 'doggame@gmail.com', '11:00-22:00', '', 'https://www.facebook.com/MSGO0501/', 'Logo17.jpeg', '密室GO~謎書狗工作室12/01(三)\n正式開始試營運，相關資訊持續更新\n體驗遊戲?', '2022-12-12 11:10:00', '2022-12-12 11:10:00'),
(18, 'Mystoto Escape Games 密室逃脫', 'Mystoto', 'qd69eu2ey', '金沅鋒', 'E106241297', '07-5369979', '高雄市', '高雄市苓雅區中華四路2號B1', '22.611934989279465', '120.30296054190352', 'mystoto@gmail.com', '15:00-22:00', '週一公休', 'https://www.mystotoescape.com/?utm_source=EscapeBar&utm_medium=referral&utm_campaign=EscapeBarFirmPage', 'Logo18.jpg', '精心設計邏輯性系列謎題，讓您完全進入遊戲劇情以及真實情境互動的遊戲體驗。', '2022-12-12 11:10:00', '2022-12-12 11:10:00'),
(19, '頭癮創意遊戲', 'backres', 'd02v1uh1', '朱士齊', 'J132518101', '02-20968056', '台北市', '台北市士林區文林路661巷39弄23號1樓 ', '25.100363599616387', '121.52232736892277', 'backres@gmail.com', '10:00-20:00', '', 'https://hddcncreatives.wixsite.com/hddcngames?utm_source=EscapeBar&utm_medium=referral&utm_campaign=EscapeBarFirmPage', 'Logo19.png', '密室逃脫遊戲為近幾年新興的實境團體益智遊戲，將您曾經在電腦上玩過的遊戲場景搬至現實生活當中，由您與好隊友們一起參加遊玩。\n遊戲過程將帶給您許多藉由分工合作、有效溝通、邏輯聯想而得到的成就感和體驗樂趣，和朋友與家人一起在五花八 門的遊戲場景當中過關斬將，在時間內一一解開每道謎題。將大家的智囊集結於一， 加上與大家同心協力，就會是成功逃脫的關鍵哦！', '2022-12-12 11:10:00', '2022-12-12 11:10:00'),
(20, 'A5 Studio-全員脫逃中', 'A5Studio', 'j99wdego3', '陳欣妘', 'O244931497', '03-4668702', '桃園市', '桃園市中壢區中北路2段434號8F', '24.9543892112486', '121.23318585542641', 'A5Studio@gmail.com', '13:00-22:00', '週二公休', 'https://booking.a5studio.com.tw/?utm_source=EscapeBar&utm_medium=referral&utm_campaign=EscapeBarFirmPage', 'Logo20.jpg', '桃園第一實境密室逃脫遊戲', '2022-12-12 11:10:00', '2022-12-12 11:10:00'),
(21, 'QhAt帽子烤密室工廠', 'qhat', 'lkcr4mh8f', '郭榕蔚', 'Z246514205', '02-25337817', '台北市', '台北市中山區明水路581巷15號B1', '25.080204901226463', '121.55095225542813', 'qhat0402@gmail.com', '13:00-22:00', '週四公休', 'https://qhatex.tw/?utm_source=EscapeBar&utm_medium=referral&utm_campaign=EscapeBarFirmPage', 'Logo21.png', '在沒有出口的密室不斷尋找線索\n解開前人留下的Questions，\n找出屬於你的Answer。\n\n善用你腦中的火焰，任何細節可能都是關鍵。\nQhAt帽子烤工廠，邀你一起烤出真相！！', '2022-12-12 11:10:00', '2022-12-12 11:10:00'),
(22, 'Escapeholics 密室逃脫 EPIC', 'escapeholics', 'j9r0xb', '周詩絜', 'J237263774', '03-5165187', '新竹市', '新竹市東區光復路2段200號2樓208號', '24.794271463782252 ', '121.00050745542451', 'escapeholics@gmail.com', '14:00-22:00', '', 'https://www.facebook.com/Escapeholics/', 'Logo22.jpg', 'Escapeholics // 讓你瘋狂上癮的密室逃脫 !\n密室逃脫Ｘ遊戲設計Ｘ活動策劃Ｘ跨界合作Ｘ遊戲行銷\n\n“小心、這是一個會讓人瘋狂上癮的遊戲！”\n2015年 10個熱愛密室逃脫的好友們，一起征戰了許多密室後，實在太想把他們對密室逃脫的癡迷傳教給世人，於是創立了 Escapeholics。', '2022-12-12 11:10:00', '2022-12-12 11:10:00'),
(23, '格林跳-真實密室遊戲', 'grimmgame', 'kugpi43ey', '柯慶文', 'U158549936', '03-2540305', '新竹市', '新竹市東區民權路62號', '24.806878061795842', '120.97630559775419', 'grimmgame@gmail.com', '13:00-22:00', '週一公休', 'https://www.grimmtell.com/?utm_source=EscapeBar&utm_medium=referral&utm_campaign=EscapeBarFirmPage', 'Logo23.jpg', '2013年一個偶然的契機，我們踏入了實境遊戲這個新冒出的產業，一群人在相聚之餘設計著不同遊戲，想讓更多人知道密室遊戲的魅力。\n2016年我們正式從原本的”台灣逃脫”改名為【格林跳】，確立了我們在這個產業中的風格定位。\n　\n?格林跳是什麼？想帶給玩家什麼樣的感覺？\n　\n【格林】代表了一個創作故事的團隊，【跳】既是「tell」也是「tale」的諧音，而【跳】則是遊戲的動作。\n【格林跳】這三個字是我們的核心目標：說故事的遊戲。\n\n?作為一個實境遊戲產業的業者，我們不斷在思考如何運用遊戲設計來影響社會，\n不談嚴肅', '2022-12-12 11:10:00', '2022-12-12 11:10:00'),
(24, '玩出計畫創意工作室', 'momata', 'pp1btnfcbb', '羅翔駿', 'E130380249', '07-5561140', '高雄市', '高雄市左營區忠貞街54號', '22.658573886646188', '120.3082521553986', 'momata@gmail.com', '10:00-21:00', '', 'https://onesplan.com.tw/?utm_source=EscapeBar&utm_medium=referral&utm_campaign=EscapeBarFirmPage', 'Logo24.jpeg', '沉浸式體驗｜密室脫逃｜桌上遊戲｜大型展場活動', '2022-12-12 11:10:00', '2022-12-12 11:10:00'),
(25, 'Througher 穿越者', 'Throughe', 'vfj06bvj', '包佑宇', 'H108755313', '02-29566636', '新北市', '新北市板橋區館前東路8號B1', '25.00719571481903', '121.45986829775674', 'Throughe@gmail.com', '13:00-22:00', '', 'https://througher.com.tw/?utm_source=EscapeBar&utm_medium=referral&utm_campaign=EscapeBarFirmPage', 'Logo25.jpg', 'Througher? ? ?穿越者 實境密室逃脫\n\n你有一天聽說，世上存在無數平行世界。\n而你，具備穿越到那些平行世界的資格。\n你會怎麼做？\n是優游平行世界當一個穿越者？\n是留在原來世界當一個普通人？\n何謂?Througher？\nThrough? 意思是?穿越?\n當你成功穿越時空，我們稱之為：?Througher穿越者\n\n歡迎來到?Througher?穿越者-實境密室逃脫', '2022-12-12 11:10:00', '2022-12-12 11:10:00'),
(26, '謀殺衛斯理工作室', 'wasele45', 'jr2u8jx9', '錢柔慧', 'U209634066', '03-4361246', '桃園市', '桃園市中壢區大仁一街5號', '24.954079184014425', '121.2429108265912', 'wasele45@gmail.com', '10:00-23:00', '', 'https://mwlarp.com/?utm_source=EscapeBar&utm_medium=referral&utm_campaign=EscapeBarFirmPage', 'Logo26.jpg', '2019年九月，一個創意有限卻富有執行力的團隊，憑藉著八年的桌遊店經營經驗、一顆熱愛劇本殺的赤子之心，在臺北市大同區成立「衛斯理探案館」，正式為臺灣劇本殺實體店家揭開序章。短短兩年，在全臺已經擁有三家分店（天祥館、中原館、明曜館）。\n\n　　自工作室成立以來，便流傳著一個都市傳說。據說2017年有一名衛姓少年參加桌遊店員工旅遊時，攜帶了一個無人知其名號的遊戲：「劇本殺」。兩天一夜的旅程結束後，那名衛姓少年瘋狂地邀請朋友前來體驗劇本殺，一時之間，桌遊店出現各式各樣穿越而來的人，有的身著長袍馬褂一開口便要分遺產', '2022-12-12 11:10:00', '2022-12-12 11:10:00'),
(27, 'Loop迴圈工作室', 'loopwhile', 'qvjj3hy', '莫凱謙', 'W121779823', '04-22937588', '台中市', '台中市北屯區文心路四段81號17樓', '24.17425416031284', '120.672626740076', 'loopwhile@gmail.com', '10:00-22:00', '', 'https://loopescape.com/?utm_source=EscapeBar&utm_medium=referral&utm_campaign=EscapeBarFirmPage', 'Logo27.jpg', '一群瘋密室逃脫的好友，\n有的期待機關，有的著重謎題，\n有的計較故事。\n我們將您帶入場景，\n用謎題讓你思考，\n用機關讓您驚艷，\n?佐故事讓您留戀。\n我們將帶給您前所未見的\n?逃脫成功快感。', '2022-12-12 11:10:00', '2022-12-12 11:10:00'),
(28, '謎鹿實境遊戲工作室', 'trsdfe55', 'r11k6lu93hm', '梁家昌', 'V106242118', '02-35045192', '新北市', '新北市永和區福和路297號B1', '25.007192814818403', '121.51656972659192', 'trsdfe55@gmail.com', '10:00-22:00', '', 'https://mysterymoosegame.wixsite.com/game?utm_source=EscapeBar&utm_medium=referral&utm_campaign=EscapeBarFirmPage', 'Logo28.jpg', '還記得在電腦前玩得密室逃脫遊戲嗎\n是否希望能親自感受有如電影裡的情境空間\n這次您能身歷其境\n透過逼真的場景重現\n絢麗的燈光效果與您意想不到的機關\n和您最好的朋友組隊前來\n展現您們的團隊合作力量\n在精心打造的實境空間裡\n解開一道又一道的謎題\n了解故事的真相\n成為故事裡的大英雄', '2022-12-12 11:10:00', '2022-12-12 11:10:00'),
(29, 'CANPASS密室逃脫', 'canpass', 'd24b9ay', '阮君妮', 'E229087337', '07-9107489', '高雄市', '高雄市苓雅區光華一路206號24F-1', '22.629118485158557', '120.31385404005759', 'canpass@gmail.com', '10:00-20:00', '', 'http://canpass.com.tw/?utm_source=EscapeBar&utm_medium=referral&utm_campaign=EscapeBarFirmPage', 'Logo29.jpg', '我們是Canpass密室逃脫工作室，我們希望帶給玩家一個有趣、刺激、新鮮的密室逃脫體驗，因此除了普通的鑰匙或是密碼鎖外，更致力於獨立開發新型的電子機關鎖。', '2022-12-12 11:10:00', '2022-12-12 11:10:00'),
(30, '1798真人實境遊戲', 'game1798', 'vu7uz53tf', '唐嘉鋒', 'V121777505', '07-5321798', '高雄市', '高雄市鹽埕區河西路103號B1F', '22.628228693977015', '120.28668351306862', 'game1798@gmail.com', '11:00-22:00', '', 'http://www.1798escape.com/?utm_source=EscapeBar&utm_medium=referral&utm_campaign=EscapeBarFirmPage', 'Logo30.jpeg', '1798諧音可轉譯出一起走吧的字音，我們非常著迷和伙伴面對謎題，解謎後的成就感及過程， 誠摯的希望這樣的遊戲體驗能夠和您分享，期待您也能和夥伴好友們，成功一起走到密室的最後。', '2022-12-12 11:10:00', '2022-12-12 11:10:00'),
(31, '4FunBase 創意基地 密室逃脫', '4FunBase', 'krr95iow', '胡皓宸', 'I218711437', '02-28721778', '台北市', '台北市大安區敦化南路一段295巷42號B1', '25.03537340480303', '121.55123988426259', '4FunBase@gmail.com', '11:00-22:00', '', 'https://4funbase.wixsite.com/realgame?utm_source=EscapeBar&utm_medium=referral&utm_campaign=EscapeBarFirmPage', 'Logo31.jpg', '4fun Base 致力於創造「有溫度」的真實互動遊戲，希望大家在追逐工作與生活的忙碌之餘，透過遊戲過程，能夠找回赤子之心，增進情誼，保持歡笑，與身邊的人創造特別的回憶。', '2022-12-12 11:10:00', '2022-12-12 11:10:00'),
(32, 'Limitless Escape Room 極限密室', 'Limitless', 'oon30661d', '崔婷媛', 'H253240930', '02-23676737', '台北市', '台北市汀洲路三段188號3樓之3', '25.01272003874721', '121.53477136892158', 'Limitless@gmail.com', '11:00-22:00', '', 'https://www.facebook.com/LimitlessEscapeRoom/', 'Logo32.jpg', '密室逃脫 (必須先預約)\n2個主題:\n[瞞天越獄] 團隊逃獄\n[搜索令] 驚悚偵探', '2022-12-12 11:10:00', '2022-12-12 11:10:00'),
(33, '貝爾豪斯工作室', 'fula78', 'koigibue', '詹亦忻', 'Q247245452', '02-22988287', '新北市', '新北市板橋區宏國路64巷4號', '25.03169952621432', '121.46922725542747', 'fula78@gmail.com', '10:00-21:00', '', 'https://www.facebook.com/bearhorse2014/', 'Logo33.jpg', '貝爾豪斯工作室專注於\n開發與傳統密室體驗不同的實境遊戲，\n並著重【解謎趣味】、【故事性】的開發設計，\n從生活中的深刻經驗取材，\n要給你最獨特的一段旅程！\n\n本工作室的主旨，\n就是「尋找謎與人的連結」，\n希望喜歡我們理念的朋友，\n用力按「讚」、「分享」，\n給我們前進的動力！', '2022-12-12 11:10:00', '2022-12-12 11:10:00'),
(34, '許多門實境解謎', 'qatama33', 'qam4507h', '馬儷蓉', 'E220731325', '07-5812073', '高雄市', '高雄市左營區站前北路1號3F', '22.687563982446225', '120.30679852656381', 'qatama33@gmail.com', '11:00-22:00', '', 'https://www.doorsss.com/?utm_source=EscapeBar&utm_medium=referral&utm_campaign=EscapeBarFirmPage', 'Logo34.jpg', '結合『實境解謎』+『團體動力』\n\n『許多門』從2013年11月開始\n\n已經設計過十多個完全不同風格的挑戰主題\n\n提供超過12萬人次以上的挑戰經驗！\n\n打造各種原創的情境和謎題，\n\n並結合多年團體動力的教學經驗，設計出新型態的創意溝通方式。\n\n精緻的佈置和遊戲內容，絕對讓挑戰者身歷其境，化身成為電影主角。', '2022-12-12 11:10:00', '2022-12-12 11:10:00'),
(35, '謎失工作室', 'dasdw8103', 'vxpzx3cjo', '劉銘漢', 'H119119814', '03-3408192', '桃園市', '桃園市平鎮區金陵路301號', '24.94366704018254', '121.22259305542629', 'dasdw8103@gmail.com', '11:00-22:00', '', 'https://www.facebook.com/profile.php?id=100064041674142', 'Logo35.jpg', '由熱愛密室逃脫的一群人合力打造??\n精緻的場景，讓你身歷其境絕無冷場??', '2022-12-12 11:10:00', '2022-12-12 11:10:00'),
(36, '純密室', 'puresecretroom', 'royx35q8hetc', '洪緯哲', 'H148046562', '03-4162115', '桃園市', '桃園市中壢區協同街95號1樓', '24.954890329627062', '121.2376266977562', 'puresecretroom@gmail.com', '13:00-22:00', '週二公休', 'https://www.facebook.com/chunsescaperoom', 'Logo36.jpeg', '這裡有一批很純的密室喔∼', '2022-12-12 11:10:00', '2022-12-12 11:10:00'),
(37, '胖胖工作室x密室逃脫 Fatmily', 'xoxo0808', 'sqx511atdr', '洪建寬', 'V122405044', '03-3553664', '桃園市', '桃園市中壢區新興路252號', '24.953944084014502', '121.22883032659142', 'xoxo0808@gmail.com', '10:00-22:00', '', 'https://www.fatmily.tw/?utm_source=EscapeBar&utm_medium=referral&utm_campaign=EscapeBarFirmPage', 'Logo37.jpg', '胖胖工作室致力於提供一個全新的空間，能讓更多的人感受獨一無二的密室逃脫體驗，並在過程中珍惜彼此的緣分\n\n我們誠摯的邀請您一同感受緣分的溫度 ??', '2022-12-12 11:10:00', '2022-12-12 11:10:00'),
(38, '爆炸先生密室逃脫工作室', 'kevin0205', 'pxp8drxm', '溫凱涵', 'M201547265', '07-2858226', '高雄市', '高雄市三民區建國三路46巷3號 ', '22.63847088735421', '120.30035245539827', 'kevin0205@gmail.com', '12:00-22:00', '', 'https://www.mr-bomb.com/?utm_source=EscapeBar&utm_medium=referral&utm_campaign=EscapeBarFirmPage', 'Logo38.jpg', '團隊發想初期是以想要給人們一種歡樂的氣氛為出發點，在團隊日朝夜想的爆炸先生就誕生了！\n在電腦、電視、手機幾乎佔據生活全部的一個時代\n工作室致力於創造一種人與人間最單純的互動。\n藉著遊戲，讓人們相聚\n藉著遊戲，讓人們面對面溝通\n藉著遊戲，讓人們互相協助\n藉著遊戲，讓人們找回人與人之間專屬的一種溫暖', '2022-12-12 11:10:00', '2022-12-12 11:10:00'),
(39, '藍色迴廊', 'penny2401', 'opshc0mn', '趙柏晨', 'C142737050', '02-21399716', '新北市', '新北市新莊區富國路59號2樓', '25.02616124086995', '121.41948066892198', 'penny2401@gmail.com', '10:00-21:00', '', 'https://hallway.com.tw/?utm_source=EscapeBar&utm_medium=referral&utm_campaign=EscapeBarFirmPage', 'Logo39.png', '藍色迴廊跨足密室逃脫與戶外實境解謎遊戲。\n我們有充足的設計經驗以及技術支援，能夠帶給玩家最貼近需求的遊戲體驗。\n\n我們關心每一個玩家的心情，用心服務每一位來玩的玩家。\n這也是為什麼開業三年多以來，數千人次的體驗，獲得玩家一致好評。\n\n因此，為了響應各位的期待，我們一直不斷的在研發新的遊戲與活動，請繼續給藍色迴廊更多的支持！', '2022-12-12 11:10:00', '2022-12-12 11:10:00'),
(40, '代達洛斯工作室', 'mike22', 'rui3ag1e', '羅文獻', 'F120128470', '03-4031482', '新竹市', '新竹市南大路241號3樓', '24.798853784087648', '120.97190515542437', 'mike222@gmail.com', '11:00-23:00', '每週三公休', 'https://www.facebook.com/profile.php?id=100075865605948', 'Logo40.png', '古希臘神話中代達洛斯在克里特島上建造了一座迷宮困住了牛頭人工作室取名代達洛斯取寓意建造迷宮的人讓密室逃脫不只是一款遊戲，更包含一個故事、一段回憶。', '2022-12-12 11:10:00', '2022-12-14 16:13:54'),
(57, '我是工作室', '12345678', '12345678', '測試1', 'A124785957', '0912354568', '台北市', '台北市松山區南京東路五段399號九樓11', '', '', 'mail39422@test.com', '10:00-21:00', '', 'https://www.google.com.tw/?gws_rd=ssl', 'eb3f8b1c-5110-484f-ab07-afa9eb2c1fdb.jpg', '123', '2023-03-12 19:10:16', '2023-03-12 19:10:16');

--
-- 已傾印資料表的索引
--

--
-- 資料表索引 `admins`
--
ALTER TABLE `admins`
  ADD PRIMARY KEY (`sid`),
  ADD UNIQUE KEY `account` (`account`);

--
-- 資料表索引 `comment`
--
ALTER TABLE `comment`
  ADD PRIMARY KEY (`sid`);

--
-- 資料表索引 `discount`
--
ALTER TABLE `discount`
  ADD PRIMARY KEY (`discountSid`);

--
-- 資料表索引 `discount_detail`
--
ALTER TABLE `discount_detail`
  ADD PRIMARY KEY (`discountID`);

--
-- 資料表索引 `gamecollect`
--
ALTER TABLE `gamecollect`
  ADD PRIMARY KEY (`sid`);

--
-- 資料表索引 `games`
--
ALTER TABLE `games`
  ADD PRIMARY KEY (`gamesSid`);

--
-- 資料表索引 `gamesdifficulty`
--
ALTER TABLE `gamesdifficulty`
  ADD PRIMARY KEY (`gamesDifficultySid`);

--
-- 資料表索引 `gamesfeature01`
--
ALTER TABLE `gamesfeature01`
  ADD PRIMARY KEY (`gamesFeatureSid`);

--
-- 資料表索引 `gamesfeature02`
--
ALTER TABLE `gamesfeature02`
  ADD PRIMARY KEY (`gamesFeatureSid`);

--
-- 資料表索引 `gamespeople`
--
ALTER TABLE `gamespeople`
  ADD PRIMARY KEY (`gamesPeopleSid`);

--
-- 資料表索引 `gamesprice`
--
ALTER TABLE `gamesprice`
  ADD PRIMARY KEY (`gamesPriceSid`);

--
-- 資料表索引 `gamessort`
--
ALTER TABLE `gamessort`
  ADD PRIMARY KEY (`gamesSortSid`);

--
-- 資料表索引 `gamestime`
--
ALTER TABLE `gamestime`
  ADD PRIMARY KEY (`gamesTimeSid`);

--
-- 資料表索引 `member`
--
ALTER TABLE `member`
  ADD PRIMARY KEY (`membersid`),
  ADD UNIQUE KEY `memIdentity` (`memIdentity`),
  ADD UNIQUE KEY `memIdentity_2` (`memIdentity`);

--
-- 資料表索引 `order_summary`
--
ALTER TABLE `order_summary`
  ADD PRIMARY KEY (`orderSid`);

--
-- 資料表索引 `sessions`
--
ALTER TABLE `sessions`
  ADD PRIMARY KEY (`session_id`);

--
-- 資料表索引 `store`
--
ALTER TABLE `store`
  ADD PRIMARY KEY (`storeSid`);

--
-- 在傾印的資料表使用自動遞增(AUTO_INCREMENT)
--

--
-- 使用資料表自動遞增(AUTO_INCREMENT) `admins`
--
ALTER TABLE `admins`
  MODIFY `sid` int(11) NOT NULL AUTO_INCREMENT, AUTO_INCREMENT=3;

--
-- 使用資料表自動遞增(AUTO_INCREMENT) `comment`
--
ALTER TABLE `comment`
  MODIFY `sid` int(11) NOT NULL AUTO_INCREMENT, AUTO_INCREMENT=139;

--
-- 使用資料表自動遞增(AUTO_INCREMENT) `discount`
--
ALTER TABLE `discount`
  MODIFY `discountSid` int(11) NOT NULL AUTO_INCREMENT, AUTO_INCREMENT=31;

--
-- 使用資料表自動遞增(AUTO_INCREMENT) `discount_detail`
--
ALTER TABLE `discount_detail`
  MODIFY `discountID` int(11) NOT NULL AUTO_INCREMENT, AUTO_INCREMENT=59;

--
-- 使用資料表自動遞增(AUTO_INCREMENT) `gamecollect`
--
ALTER TABLE `gamecollect`
  MODIFY `sid` int(11) NOT NULL AUTO_INCREMENT, AUTO_INCREMENT=15;

--
-- 使用資料表自動遞增(AUTO_INCREMENT) `games`
--
ALTER TABLE `games`
  MODIFY `gamesSid` int(11) NOT NULL AUTO_INCREMENT, AUTO_INCREMENT=222;

--
-- 使用資料表自動遞增(AUTO_INCREMENT) `gamesdifficulty`
--
ALTER TABLE `gamesdifficulty`
  MODIFY `gamesDifficultySid` int(11) NOT NULL AUTO_INCREMENT, AUTO_INCREMENT=9;

--
-- 使用資料表自動遞增(AUTO_INCREMENT) `gamesfeature01`
--
ALTER TABLE `gamesfeature01`
  MODIFY `gamesFeatureSid` int(11) NOT NULL AUTO_INCREMENT, AUTO_INCREMENT=29;

--
-- 使用資料表自動遞增(AUTO_INCREMENT) `gamesfeature02`
--
ALTER TABLE `gamesfeature02`
  MODIFY `gamesFeatureSid` int(11) NOT NULL AUTO_INCREMENT, AUTO_INCREMENT=29;

--
-- 使用資料表自動遞增(AUTO_INCREMENT) `gamespeople`
--
ALTER TABLE `gamespeople`
  MODIFY `gamesPeopleSid` int(11) NOT NULL AUTO_INCREMENT, AUTO_INCREMENT=11;

--
-- 使用資料表自動遞增(AUTO_INCREMENT) `gamesprice`
--
ALTER TABLE `gamesprice`
  MODIFY `gamesPriceSid` int(11) NOT NULL AUTO_INCREMENT, AUTO_INCREMENT=7;

--
-- 使用資料表自動遞增(AUTO_INCREMENT) `gamessort`
--
ALTER TABLE `gamessort`
  MODIFY `gamesSortSid` int(11) NOT NULL AUTO_INCREMENT, AUTO_INCREMENT=4;

--
-- 使用資料表自動遞增(AUTO_INCREMENT) `gamestime`
--
ALTER TABLE `gamestime`
  MODIFY `gamesTimeSid` int(11) NOT NULL AUTO_INCREMENT, AUTO_INCREMENT=5;

--
-- 使用資料表自動遞增(AUTO_INCREMENT) `member`
--
ALTER TABLE `member`
  MODIFY `membersid` int(11) NOT NULL AUTO_INCREMENT, AUTO_INCREMENT=512;

--
-- 使用資料表自動遞增(AUTO_INCREMENT) `order_summary`
--
ALTER TABLE `order_summary`
  MODIFY `orderSid` int(5) NOT NULL AUTO_INCREMENT, AUTO_INCREMENT=1678621043;

--
-- 使用資料表自動遞增(AUTO_INCREMENT) `store`
--
ALTER TABLE `store`
  MODIFY `storeSid` int(11) NOT NULL AUTO_INCREMENT COMMENT '工作室編號', AUTO_INCREMENT=58;
COMMIT;

/*!40101 SET CHARACTER_SET_CLIENT=@OLD_CHARACTER_SET_CLIENT */;
/*!40101 SET CHARACTER_SET_RESULTS=@OLD_CHARACTER_SET_RESULTS */;
/*!40101 SET COLLATION_CONNECTION=@OLD_COLLATION_CONNECTION */;
